suite,outcome,stratifier,stratum,metric,value,n_obs
V1_raw_residual,log_hourly_wage_real,survey_year,2013,male_p90_p10,1.8018097877502441,871769
V1_raw_residual,log_hourly_wage_real,survey_year,2013,female_p90_p10,1.7083779573440552,871769
V1_raw_residual,log_hourly_wage_real,survey_year,2013,male_p95_p50,1.1786551475524902,871769
V1_raw_residual,log_hourly_wage_real,survey_year,2013,female_p95_p50,1.0788097381591797,871769
V1_raw_residual,log_hourly_wage_real,survey_year,2013,male_top10_share,0.12620139131934446,871769
V1_raw_residual,log_hourly_wage_real,survey_year,2013,female_top10_share,0.07236085200106565,871769
V1_raw_residual,log_hourly_wage_real,survey_year,2013,male_top5_share,0.06533562035234061,871769
V1_raw_residual,log_hourly_wage_real,survey_year,2013,female_top5_share,0.03361143920563887,871769
V1_raw_residual,log_hourly_wage_real,survey_year,2014,male_p90_p10,1.7360007762908936,863376
V1_raw_residual,log_hourly_wage_real,survey_year,2014,female_p90_p10,1.5671133995056152,863376
V1_raw_residual,log_hourly_wage_real,survey_year,2014,male_p95_p50,1.1781749725341797,863376
V1_raw_residual,log_hourly_wage_real,survey_year,2014,female_p95_p50,1.1130011081695557,863376
V1_raw_residual,log_hourly_wage_real,survey_year,2014,male_top10_share,0.1251948650543,863376
V1_raw_residual,log_hourly_wage_real,survey_year,2014,female_top10_share,0.06999337388133588,863376
V1_raw_residual,log_hourly_wage_real,survey_year,2014,male_top5_share,0.06929538896513823,863376
V1_raw_residual,log_hourly_wage_real,survey_year,2014,female_top5_share,0.02848478618203691,863376
V1_raw_residual,log_hourly_wage_real,survey_year,2015,male_p90_p10,1.7561686038970947,866850
V1_raw_residual,log_hourly_wage_real,survey_year,2015,female_p90_p10,1.7021472454071045,866850
V1_raw_residual,log_hourly_wage_real,survey_year,2015,male_p95_p50,1.1917028427124023,866850
V1_raw_residual,log_hourly_wage_real,survey_year,2015,female_p95_p50,1.108091115951538,866850
V1_raw_residual,log_hourly_wage_real,survey_year,2015,male_top10_share,0.1260132146581405,866850
V1_raw_residual,log_hourly_wage_real,survey_year,2015,female_top10_share,0.07296104206471793,866850
V1_raw_residual,log_hourly_wage_real,survey_year,2015,male_top5_share,0.07140258160217612,866850
V1_raw_residual,log_hourly_wage_real,survey_year,2015,female_top5_share,0.03698754341050233,866850
V1_raw_residual,log_hourly_wage_real,survey_year,2016,male_p90_p10,1.7635886669158936,868154
V1_raw_residual,log_hourly_wage_real,survey_year,2016,female_p90_p10,1.7252697944641113,868154
V1_raw_residual,log_hourly_wage_real,survey_year,2016,male_p95_p50,1.2014694213867188,868154
V1_raw_residual,log_hourly_wage_real,survey_year,2016,female_p95_p50,1.1169614791870117,868154
V1_raw_residual,log_hourly_wage_real,survey_year,2016,male_top10_share,0.124778622933398,868154
V1_raw_residual,log_hourly_wage_real,survey_year,2016,female_top10_share,0.07311686056637155,868154
V1_raw_residual,log_hourly_wage_real,survey_year,2016,male_top5_share,0.06641771307295533,868154
V1_raw_residual,log_hourly_wage_real,survey_year,2016,female_top5_share,0.0347960340623597,868154
V1_raw_residual,log_hourly_wage_real,survey_year,2017,male_p90_p10,1.7424886226654053,883158
V1_raw_residual,log_hourly_wage_real,survey_year,2017,female_p90_p10,1.7147984504699707,883158
V1_raw_residual,log_hourly_wage_real,survey_year,2017,male_p95_p50,1.1856238842010498,883158
V1_raw_residual,log_hourly_wage_real,survey_year,2017,female_p95_p50,1.1143605709075928,883158
V1_raw_residual,log_hourly_wage_real,survey_year,2017,male_top10_share,0.12630551433344606,883158
V1_raw_residual,log_hourly_wage_real,survey_year,2017,female_top10_share,0.07535271472537496,883158
V1_raw_residual,log_hourly_wage_real,survey_year,2017,male_top5_share,0.06536018828015648,883158
V1_raw_residual,log_hourly_wage_real,survey_year,2017,female_top5_share,0.035068982558411343,883158
V1_raw_residual,log_hourly_wage_real,survey_year,2018,male_p90_p10,1.7367773056030273,887201
V1_raw_residual,log_hourly_wage_real,survey_year,2018,female_p90_p10,1.7129008769989014,887201
V1_raw_residual,log_hourly_wage_real,survey_year,2018,male_p95_p50,1.2039728164672852,887201
V1_raw_residual,log_hourly_wage_real,survey_year,2018,female_p95_p50,1.121025800704956,887201
V1_raw_residual,log_hourly_wage_real,survey_year,2018,male_top10_share,0.1345017341007761,887201
V1_raw_residual,log_hourly_wage_real,survey_year,2018,female_top10_share,0.08156319166756819,887201
V1_raw_residual,log_hourly_wage_real,survey_year,2018,male_top5_share,0.06587227677346859,887201
V1_raw_residual,log_hourly_wage_real,survey_year,2018,female_top5_share,0.03550691301854018,887201
V1_raw_residual,log_hourly_wage_real,survey_year,2019,male_p90_p10,1.791759729385376,885141
V1_raw_residual,log_hourly_wage_real,survey_year,2019,female_p90_p10,1.7396354675292969,885141
V1_raw_residual,log_hourly_wage_real,survey_year,2019,male_p95_p50,1.2474110126495361,885141
V1_raw_residual,log_hourly_wage_real,survey_year,2019,female_p95_p50,1.1786549091339111,885141
V1_raw_residual,log_hourly_wage_real,survey_year,2019,male_top10_share,0.12271080308743007,885141
V1_raw_residual,log_hourly_wage_real,survey_year,2019,female_top10_share,0.07747760567768575,885141
V1_raw_residual,log_hourly_wage_real,survey_year,2019,male_top5_share,0.06358818818864236,885141
V1_raw_residual,log_hourly_wage_real,survey_year,2019,female_top5_share,0.03826410634790516,885141
V1_raw_residual,log_hourly_wage_real,survey_year,2021,male_p90_p10,1.8105053901672363,861048
V1_raw_residual,log_hourly_wage_real,survey_year,2021,female_p90_p10,1.7272210121154785,861048
V1_raw_residual,log_hourly_wage_real,survey_year,2021,male_p95_p50,1.3717663288116455,861048
V1_raw_residual,log_hourly_wage_real,survey_year,2021,female_p95_p50,1.2685112953186035,861048
V1_raw_residual,log_hourly_wage_real,survey_year,2021,male_top10_share,0.11979019878762961,861048
V1_raw_residual,log_hourly_wage_real,survey_year,2021,female_top10_share,0.07849850336192825,861048
V1_raw_residual,log_hourly_wage_real,survey_year,2021,male_top5_share,0.05956208081321939,861048
V1_raw_residual,log_hourly_wage_real,survey_year,2021,female_top5_share,0.039864360290488225,861048
V1_raw_residual,log_hourly_wage_real,survey_year,2022,male_p90_p10,1.7540192604064941,905093
V1_raw_residual,log_hourly_wage_real,survey_year,2022,female_p90_p10,1.7225284576416016,905093
V1_raw_residual,log_hourly_wage_real,survey_year,2022,male_p95_p50,1.2840156555175781,905093
V1_raw_residual,log_hourly_wage_real,survey_year,2022,female_p95_p50,1.1741199493408203,905093
V1_raw_residual,log_hourly_wage_real,survey_year,2022,male_top10_share,0.12317667687178073,905093
V1_raw_residual,log_hourly_wage_real,survey_year,2022,female_top10_share,0.07789523269687319,905093
V1_raw_residual,log_hourly_wage_real,survey_year,2022,male_top5_share,0.0624973036311614,905093
V1_raw_residual,log_hourly_wage_real,survey_year,2022,female_top5_share,0.03669626413523889,905093
V1_raw_residual,log_hourly_wage_real,survey_year,2023,male_p90_p10,1.7816882133483887,919948
V1_raw_residual,log_hourly_wage_real,survey_year,2023,female_p90_p10,1.711716890335083,919948
V1_raw_residual,log_hourly_wage_real,survey_year,2023,male_p95_p50,1.2431936264038086,919948
V1_raw_residual,log_hourly_wage_real,survey_year,2023,female_p95_p50,1.1631507873535156,919948
V1_raw_residual,log_hourly_wage_real,survey_year,2023,male_top10_share,0.12326267804340092,919948
V1_raw_residual,log_hourly_wage_real,survey_year,2023,female_top10_share,0.07745237902365636,919948
V1_raw_residual,log_hourly_wage_real,survey_year,2023,male_top5_share,0.06268947871500748,919948
V1_raw_residual,log_hourly_wage_real,survey_year,2023,female_top5_share,0.036509030237507234,919948
V1_raw_residual,log_hourly_wage_real,survey_year,2024,male_p90_p10,1.7420673370361328,922891
V1_raw_residual,log_hourly_wage_real,survey_year,2024,female_p90_p10,1.692819356918335,922891
V1_raw_residual,log_hourly_wage_real,survey_year,2024,male_p95_p50,1.252763032913208,922891
V1_raw_residual,log_hourly_wage_real,survey_year,2024,female_p95_p50,1.1709327697753906,922891
V1_raw_residual,log_hourly_wage_real,survey_year,2024,male_top10_share,0.1251754040371118,922891
V1_raw_residual,log_hourly_wage_real,survey_year,2024,female_top10_share,0.07914210858811456,922891
V1_raw_residual,log_hourly_wage_real,survey_year,2024,male_top5_share,0.06278060694125016,922891
V1_raw_residual,log_hourly_wage_real,survey_year,2024,female_top5_share,0.03688985056000585,922891
V3_reproductive_dispersion,log_hourly_wage_real,reproductive_stage,mother_mixed_or_other,male_p90_p10,1.8063373565673828,2318229
V3_reproductive_dispersion,log_hourly_wage_real,reproductive_stage,mother_mixed_or_other,female_p90_p10,1.5977438688278198,2318229
V3_reproductive_dispersion,log_hourly_wage_real,reproductive_stage,mother_mixed_or_other,male_p95_p50,1.286320686340332,2318229
V3_reproductive_dispersion,log_hourly_wage_real,reproductive_stage,mother_mixed_or_other,female_p95_p50,1.093184232711792,2318229
V3_reproductive_dispersion,log_hourly_wage_real,reproductive_stage,mother_mixed_or_other,male_top10_share,0.10520867737836596,2318229
V3_reproductive_dispersion,log_hourly_wage_real,reproductive_stage,mother_mixed_or_other,female_top10_share,0.02074792615752588,2318229
V3_reproductive_dispersion,log_hourly_wage_real,reproductive_stage,mother_mixed_or_other,male_top5_share,0.05244773681038642,2318229
V3_reproductive_dispersion,log_hourly_wage_real,reproductive_stage,mother_mixed_or_other,female_top5_share,0.01127767445867264,2318229
V3_reproductive_dispersion,log_hourly_wage_real,reproductive_stage,mother_under6,male_p90_p10,1.845726490020752,662400
V3_reproductive_dispersion,log_hourly_wage_real,reproductive_stage,mother_under6,female_p90_p10,1.846374273300171,662400
V3_reproductive_dispersion,log_hourly_wage_real,reproductive_stage,mother_under6,male_p95_p50,1.272965431213379,662400
V3_reproductive_dispersion,log_hourly_wage_real,reproductive_stage,mother_under6,female_p95_p50,1.233034610748291,662400
V3_reproductive_dispersion,log_hourly_wage_real,reproductive_stage,mother_under6,male_top10_share,0.09777564410305649,662400
V3_reproductive_dispersion,log_hourly_wage_real,reproductive_stage,mother_under6,female_top10_share,0.10000171528663448,662400
V3_reproductive_dispersion,log_hourly_wage_real,reproductive_stage,mother_under6,male_top5_share,0.06345015202432389,662400
V3_reproductive_dispersion,log_hourly_wage_real,reproductive_stage,mother_under6,female_top5_share,0.05001503663809767,662400
V3_reproductive_dispersion,log_hourly_wage_real,reproductive_stage,mother_6_17_only,male_p90_p10,0.0,1345050
V3_reproductive_dispersion,log_hourly_wage_real,reproductive_stage,mother_6_17_only,female_p90_p10,1.7799501419067383,1345050
V3_reproductive_dispersion,log_hourly_wage_real,reproductive_stage,mother_6_17_only,male_p95_p50,0.0,1345050
V3_reproductive_dispersion,log_hourly_wage_real,reproductive_stage,mother_6_17_only,female_p95_p50,1.2237753868103027,1345050
V3_reproductive_dispersion,log_hourly_wage_real,reproductive_stage,mother_6_17_only,male_top10_share,0.0,1345050
V3_reproductive_dispersion,log_hourly_wage_real,reproductive_stage,mother_6_17_only,female_top10_share,0.10048248959824654,1345050
V3_reproductive_dispersion,log_hourly_wage_real,reproductive_stage,mother_6_17_only,male_top5_share,0.0,1345050
V3_reproductive_dispersion,log_hourly_wage_real,reproductive_stage,mother_6_17_only,female_top5_share,0.05001283263451099,1345050
V3_reproductive_dispersion,log_hourly_wage_real,reproductive_stage,recent_birth,male_p90_p10,1.5324769020080566,213812
V3_reproductive_dispersion,log_hourly_wage_real,reproductive_stage,recent_birth,female_p90_p10,1.8975911140441895,213812
V3_reproductive_dispersion,log_hourly_wage_real,reproductive_stage,recent_birth,male_p95_p50,1.203972578048706,213812
V3_reproductive_dispersion,log_hourly_wage_real,reproductive_stage,recent_birth,female_p95_p50,1.2412855625152588,213812
V3_reproductive_dispersion,log_hourly_wage_real,reproductive_stage,recent_birth,male_top10_share,0.0999784529196294,213812
V3_reproductive_dispersion,log_hourly_wage_real,reproductive_stage,recent_birth,female_top10_share,0.10005197974544373,213812
V3_reproductive_dispersion,log_hourly_wage_real,reproductive_stage,recent_birth,male_top5_share,0.03932342167636285,213812
V3_reproductive_dispersion,log_hourly_wage_real,reproductive_stage,recent_birth,female_top5_share,0.05001945370353966,213812
V3_reproductive_dispersion,log_hourly_wage_real,reproductive_stage,childless_recently_married,male_p90_p10,1.8322606086730957,2956185
V3_reproductive_dispersion,log_hourly_wage_real,reproductive_stage,childless_recently_married,female_p90_p10,1.6772818565368652,2956185
V3_reproductive_dispersion,log_hourly_wage_real,reproductive_stage,childless_recently_married,male_p95_p50,1.1776766777038574,2956185
V3_reproductive_dispersion,log_hourly_wage_real,reproductive_stage,childless_recently_married,female_p95_p50,1.1189243793487549,2956185
V3_reproductive_dispersion,log_hourly_wage_real,reproductive_stage,childless_recently_married,male_top10_share,0.12379099570443561,2956185
V3_reproductive_dispersion,log_hourly_wage_real,reproductive_stage,childless_recently_married,female_top10_share,0.07428970042481572,2956185
V3_reproductive_dispersion,log_hourly_wage_real,reproductive_stage,childless_recently_married,male_top5_share,0.06265918612996525,2956185
V3_reproductive_dispersion,log_hourly_wage_real,reproductive_stage,childless_recently_married,female_top5_share,0.03634360234495606,2956185
V3_reproductive_dispersion,log_hourly_wage_real,reproductive_stage,childless_unpartnered,male_p90_p10,1.735450029373169,2216051
V3_reproductive_dispersion,log_hourly_wage_real,reproductive_stage,childless_unpartnered,female_p90_p10,1.6666512489318848,2216051
V3_reproductive_dispersion,log_hourly_wage_real,reproductive_stage,childless_unpartnered,male_p95_p50,1.149657964706421,2216051
V3_reproductive_dispersion,log_hourly_wage_real,reproductive_stage,childless_unpartnered,female_p95_p50,1.0884532928466797,2216051
V3_reproductive_dispersion,log_hourly_wage_real,reproductive_stage,childless_unpartnered,male_top10_share,0.10198187957355966,2216051
V3_reproductive_dispersion,log_hourly_wage_real,reproductive_stage,childless_unpartnered,female_top10_share,0.09724199526402637,2216051
V3_reproductive_dispersion,log_hourly_wage_real,reproductive_stage,childless_unpartnered,male_top5_share,0.05249194796186246,2216051
V3_reproductive_dispersion,log_hourly_wage_real,reproductive_stage,childless_unpartnered,female_top5_share,0.046633965391321926,2216051
V3_reproductive_dispersion,log_hourly_wage_real,reproductive_stage,childless_other_partnered,male_p90_p10,1.742969036102295,22902
V3_reproductive_dispersion,log_hourly_wage_real,reproductive_stage,childless_other_partnered,female_p90_p10,1.5454742908477783,22902
V3_reproductive_dispersion,log_hourly_wage_real,reproductive_stage,childless_other_partnered,male_p95_p50,1.3011431694030762,22902
V3_reproductive_dispersion,log_hourly_wage_real,reproductive_stage,childless_other_partnered,female_p95_p50,1.0885848999023438,22902
V3_reproductive_dispersion,log_hourly_wage_real,reproductive_stage,childless_other_partnered,male_top10_share,0.12758191315431203,22902
V3_reproductive_dispersion,log_hourly_wage_real,reproductive_stage,childless_other_partnered,female_top10_share,0.06207558060573136,22902
V3_reproductive_dispersion,log_hourly_wage_real,reproductive_stage,childless_other_partnered,male_top5_share,0.06468740790176371,22902
V3_reproductive_dispersion,log_hourly_wage_real,reproductive_stage,childless_other_partnered,female_top5_share,0.029973440777460877,22902
V3_reproductive_dispersion,log_hourly_wage_real,fertility_risk_quartile,missing,male_p90_p10,1.823106050491333,7323261
V3_reproductive_dispersion,log_hourly_wage_real,fertility_risk_quartile,missing,female_p90_p10,1.8229334354400635,7323261
V3_reproductive_dispersion,log_hourly_wage_real,fertility_risk_quartile,missing,male_p95_p50,1.2330889701843262,7323261
V3_reproductive_dispersion,log_hourly_wage_real,fertility_risk_quartile,missing,female_p95_p50,1.2285799980163574,7323261
V3_reproductive_dispersion,log_hourly_wage_real,fertility_risk_quartile,missing,male_top10_share,0.11144305630245416,7323261
V3_reproductive_dispersion,log_hourly_wage_real,fertility_risk_quartile,missing,female_top10_share,0.07485961775424897,7323261
V3_reproductive_dispersion,log_hourly_wage_real,fertility_risk_quartile,missing,male_top5_share,0.05615382457140945,7323261
V3_reproductive_dispersion,log_hourly_wage_real,fertility_risk_quartile,missing,female_top5_share,0.036405855425572675,7323261
V3_reproductive_dispersion,log_hourly_wage_real,fertility_risk_quartile,Q4,male_p90_p10,,602845
V3_reproductive_dispersion,log_hourly_wage_real,fertility_risk_quartile,Q4,female_p90_p10,1.535329818725586,602845
V3_reproductive_dispersion,log_hourly_wage_real,fertility_risk_quartile,Q4,male_p95_p50,,602845
V3_reproductive_dispersion,log_hourly_wage_real,fertility_risk_quartile,Q4,female_p95_p50,1.0432724952697754,602845
V3_reproductive_dispersion,log_hourly_wage_real,fertility_risk_quartile,Q4,male_top10_share,,602845
V3_reproductive_dispersion,log_hourly_wage_real,fertility_risk_quartile,Q4,female_top10_share,0.10020396459294352,602845
V3_reproductive_dispersion,log_hourly_wage_real,fertility_risk_quartile,Q4,male_top5_share,,602845
V3_reproductive_dispersion,log_hourly_wage_real,fertility_risk_quartile,Q4,female_top5_share,0.05005215476042056,602845
V3_reproductive_dispersion,log_hourly_wage_real,fertility_risk_quartile,Q2,male_p90_p10,,602837
V3_reproductive_dispersion,log_hourly_wage_real,fertility_risk_quartile,Q2,female_p90_p10,1.6103944778442383,602837
V3_reproductive_dispersion,log_hourly_wage_real,fertility_risk_quartile,Q2,male_p95_p50,,602837
V3_reproductive_dispersion,log_hourly_wage_real,fertility_risk_quartile,Q2,female_p95_p50,1.0861897468566895,602837
V3_reproductive_dispersion,log_hourly_wage_real,fertility_risk_quartile,Q2,male_top10_share,,602837
V3_reproductive_dispersion,log_hourly_wage_real,fertility_risk_quartile,Q2,female_top10_share,0.10064745024139539,602837
V3_reproductive_dispersion,log_hourly_wage_real,fertility_risk_quartile,Q2,male_top5_share,,602837
V3_reproductive_dispersion,log_hourly_wage_real,fertility_risk_quartile,Q2,female_top5_share,0.05008045265516212,602837
V3_reproductive_dispersion,log_hourly_wage_real,fertility_risk_quartile,Q1,male_p90_p10,,602842
V3_reproductive_dispersion,log_hourly_wage_real,fertility_risk_quartile,Q1,female_p90_p10,1.5446500778198242,602842
V3_reproductive_dispersion,log_hourly_wage_real,fertility_risk_quartile,Q1,male_p95_p50,,602842
V3_reproductive_dispersion,log_hourly_wage_real,fertility_risk_quartile,Q1,female_p95_p50,0.9842960834503174,602842
V3_reproductive_dispersion,log_hourly_wage_real,fertility_risk_quartile,Q1,male_top10_share,,602842
V3_reproductive_dispersion,log_hourly_wage_real,fertility_risk_quartile,Q1,female_top10_share,0.1000805661567632,602842
V3_reproductive_dispersion,log_hourly_wage_real,fertility_risk_quartile,Q1,male_top5_share,,602842
V3_reproductive_dispersion,log_hourly_wage_real,fertility_risk_quartile,Q1,female_top5_share,0.05000353490692128,602842
V3_reproductive_dispersion,log_hourly_wage_real,fertility_risk_quartile,Q3,male_p90_p10,,602844
V3_reproductive_dispersion,log_hourly_wage_real,fertility_risk_quartile,Q3,female_p90_p10,1.5986456871032715,602844
V3_reproductive_dispersion,log_hourly_wage_real,fertility_risk_quartile,Q3,male_p95_p50,,602844
V3_reproductive_dispersion,log_hourly_wage_real,fertility_risk_quartile,Q3,female_p95_p50,1.0409319400787354,602844
V3_reproductive_dispersion,log_hourly_wage_real,fertility_risk_quartile,Q3,male_top10_share,,602844
V3_reproductive_dispersion,log_hourly_wage_real,fertility_risk_quartile,Q3,female_top10_share,0.10008481072306497,602844
V3_reproductive_dispersion,log_hourly_wage_real,fertility_risk_quartile,Q3,male_top5_share,,602844
V3_reproductive_dispersion,log_hourly_wage_real,fertility_risk_quartile,Q3,female_top5_share,0.05000188367000897,602844
V3_reproductive_dispersion,log_hourly_wage_real,couple_type,unpartnered,male_p90_p10,1.8221495151519775,9668084
V3_reproductive_dispersion,log_hourly_wage_real,couple_type,unpartnered,female_p90_p10,1.7483437061309814,9668084
V3_reproductive_dispersion,log_hourly_wage_real,couple_type,unpartnered,male_p95_p50,1.233933687210083,9668084
V3_reproductive_dispersion,log_hourly_wage_real,couple_type,unpartnered,female_p95_p50,1.1637954711914062,9668084
V3_reproductive_dispersion,log_hourly_wage_real,couple_type,unpartnered,male_top10_share,0.12209059148407195,9668084
V3_reproductive_dispersion,log_hourly_wage_real,couple_type,unpartnered,female_top10_share,0.07574906234138849,9668084
V3_reproductive_dispersion,log_hourly_wage_real,couple_type,unpartnered,male_top5_share,0.06266345257760522,9668084
V3_reproductive_dispersion,log_hourly_wage_real,couple_type,unpartnered,female_top5_share,0.0361731971576818,9668084
V3_reproductive_dispersion,log_hourly_wage_real,couple_type,same_sex,male_p90_p10,1.8170771598815918,66545
V3_reproductive_dispersion,log_hourly_wage_real,couple_type,same_sex,female_p90_p10,1.6539013385772705,66545
V3_reproductive_dispersion,log_hourly_wage_real,couple_type,same_sex,male_p95_p50,1.3370006084442139,66545
V3_reproductive_dispersion,log_hourly_wage_real,couple_type,same_sex,female_p95_p50,1.1532509326934814,66545
V3_reproductive_dispersion,log_hourly_wage_real,couple_type,same_sex,male_top10_share,0.13610316945976234,66545
V3_reproductive_dispersion,log_hourly_wage_real,couple_type,same_sex,female_top10_share,0.06783813215636632,66545
V3_reproductive_dispersion,log_hourly_wage_real,couple_type,same_sex,male_top5_share,0.06959235932553934,66545
V3_reproductive_dispersion,log_hourly_wage_real,couple_type,same_sex,female_top5_share,0.032087920860007196,66545
V4_onet_context_dispersion,log_hourly_wage_real,job_rigidity_quartile,Q4,male_p90_p10,1.5192363262176514,2415729
V4_onet_context_dispersion,log_hourly_wage_real,job_rigidity_quartile,Q4,female_p90_p10,1.6233408451080322,2415729
V4_onet_context_dispersion,log_hourly_wage_real,job_rigidity_quartile,Q4,male_p95_p50,0.9715480804443359,2415729
V4_onet_context_dispersion,log_hourly_wage_real,job_rigidity_quartile,Q4,female_p95_p50,1.1492924690246582,2415729
V4_onet_context_dispersion,log_hourly_wage_real,job_rigidity_quartile,Q4,male_top10_share,0.10710075106817374,2415729
V4_onet_context_dispersion,log_hourly_wage_real,job_rigidity_quartile,Q4,female_top10_share,0.0725492873945447,2415729
V4_onet_context_dispersion,log_hourly_wage_real,job_rigidity_quartile,Q4,male_top5_share,0.05226466272903679,2415729
V4_onet_context_dispersion,log_hourly_wage_real,job_rigidity_quartile,Q4,female_top5_share,0.04229292176240218,2415729
V4_onet_context_dispersion,log_hourly_wage_real,job_rigidity_quartile,Q1,male_p90_p10,1.7261669635772705,2415714
V4_onet_context_dispersion,log_hourly_wage_real,job_rigidity_quartile,Q1,female_p90_p10,1.6627423763275146,2415714
V4_onet_context_dispersion,log_hourly_wage_real,job_rigidity_quartile,Q1,male_p95_p50,1.178154706954956,2415714
V4_onet_context_dispersion,log_hourly_wage_real,job_rigidity_quartile,Q1,female_p95_p50,1.0295846462249756,2415714
V4_onet_context_dispersion,log_hourly_wage_real,job_rigidity_quartile,Q1,male_top10_share,0.14375271406214934,2415714
V4_onet_context_dispersion,log_hourly_wage_real,job_rigidity_quartile,Q1,female_top10_share,0.07604383832479059,2415714
V4_onet_context_dispersion,log_hourly_wage_real,job_rigidity_quartile,Q1,male_top5_share,0.07125008625717065,2415714
V4_onet_context_dispersion,log_hourly_wage_real,job_rigidity_quartile,Q1,female_top5_share,0.03801424687930863,2415714
V4_onet_context_dispersion,log_hourly_wage_real,job_rigidity_quartile,Q2,male_p90_p10,1.8865327835083008,2415735
V4_onet_context_dispersion,log_hourly_wage_real,job_rigidity_quartile,Q2,female_p90_p10,1.8523838520050049,2415735
V4_onet_context_dispersion,log_hourly_wage_real,job_rigidity_quartile,Q2,male_p95_p50,1.2771756649017334,2415735
V4_onet_context_dispersion,log_hourly_wage_real,job_rigidity_quartile,Q2,female_p95_p50,1.1580746173858643,2415735
V4_onet_context_dispersion,log_hourly_wage_real,job_rigidity_quartile,Q2,male_top10_share,0.1329662699563705,2415735
V4_onet_context_dispersion,log_hourly_wage_real,job_rigidity_quartile,Q2,female_top10_share,0.061927414530263084,2415735
V4_onet_context_dispersion,log_hourly_wage_real,job_rigidity_quartile,Q2,male_top5_share,0.06774228644269607,2415735
V4_onet_context_dispersion,log_hourly_wage_real,job_rigidity_quartile,Q2,female_top5_share,0.02830118897521988,2415735
V4_onet_context_dispersion,log_hourly_wage_real,job_rigidity_quartile,Q3,male_p90_p10,1.8416337966918945,2415737
V4_onet_context_dispersion,log_hourly_wage_real,job_rigidity_quartile,Q3,female_p90_p10,1.5466034412384033,2415737
V4_onet_context_dispersion,log_hourly_wage_real,job_rigidity_quartile,Q3,male_p95_p50,1.1909122467041016,2415737
V4_onet_context_dispersion,log_hourly_wage_real,job_rigidity_quartile,Q3,female_p95_p50,1.0719325542449951,2415737
V4_onet_context_dispersion,log_hourly_wage_real,job_rigidity_quartile,Q3,male_top10_share,0.16223632258530812,2415737
V4_onet_context_dispersion,log_hourly_wage_real,job_rigidity_quartile,Q3,female_top10_share,0.06385838678263235,2415737
V4_onet_context_dispersion,log_hourly_wage_real,job_rigidity_quartile,Q3,male_top5_share,0.08163667043353275,2415737
V4_onet_context_dispersion,log_hourly_wage_real,job_rigidity_quartile,Q3,female_top5_share,0.03162767306700091,2415737
V4_onet_context_dispersion,log_hourly_wage_real,job_rigidity_quartile,missing,male_p90_p10,1.4971678256988525,71714
V4_onet_context_dispersion,log_hourly_wage_real,job_rigidity_quartile,missing,female_p90_p10,1.3173015117645264,71714
V4_onet_context_dispersion,log_hourly_wage_real,job_rigidity_quartile,missing,male_p95_p50,0.9144058227539062,71714
V4_onet_context_dispersion,log_hourly_wage_real,job_rigidity_quartile,missing,female_p95_p50,0.8391430377960205,71714
V4_onet_context_dispersion,log_hourly_wage_real,job_rigidity_quartile,missing,male_top10_share,0.12328029177191956,71714
V4_onet_context_dispersion,log_hourly_wage_real,job_rigidity_quartile,missing,female_top10_share,0.060780409680342096,71714
V4_onet_context_dispersion,log_hourly_wage_real,job_rigidity_quartile,missing,male_top5_share,0.06336700385722145,71714
V4_onet_context_dispersion,log_hourly_wage_real,job_rigidity_quartile,missing,female_top5_share,0.027722938351439116,71714
V4_onet_context_dispersion,log_hourly_wage_real,autonomy_quartile,Q1,male_p90_p10,1.5114574432373047,2415720
V4_onet_context_dispersion,log_hourly_wage_real,autonomy_quartile,Q1,female_p90_p10,1.394677758216858,2415720
V4_onet_context_dispersion,log_hourly_wage_real,autonomy_quartile,Q1,male_p95_p50,1.002256155014038,2415720
V4_onet_context_dispersion,log_hourly_wage_real,autonomy_quartile,Q1,female_p95_p50,0.8737967014312744,2415720
V4_onet_context_dispersion,log_hourly_wage_real,autonomy_quartile,Q1,male_top10_share,0.13716270838889183,2415720
V4_onet_context_dispersion,log_hourly_wage_real,autonomy_quartile,Q1,female_top10_share,0.05915482433656821,2415720
V4_onet_context_dispersion,log_hourly_wage_real,autonomy_quartile,Q1,male_top5_share,0.0680230500480821,2415720
V4_onet_context_dispersion,log_hourly_wage_real,autonomy_quartile,Q1,female_top5_share,0.02984204060948878,2415720
V4_onet_context_dispersion,log_hourly_wage_real,autonomy_quartile,Q2,male_p90_p10,1.7092738151550293,2415723
V4_onet_context_dispersion,log_hourly_wage_real,autonomy_quartile,Q2,female_p90_p10,1.67365300655365,2415723
V4_onet_context_dispersion,log_hourly_wage_real,autonomy_quartile,Q2,male_p95_p50,1.1151018142700195,2415723
V4_onet_context_dispersion,log_hourly_wage_real,autonomy_quartile,Q2,female_p95_p50,1.1075067520141602,2415723
V4_onet_context_dispersion,log_hourly_wage_real,autonomy_quartile,Q2,male_top10_share,0.11778304543328305,2415723
V4_onet_context_dispersion,log_hourly_wage_real,autonomy_quartile,Q2,female_top10_share,0.07106821843795601,2415723
V4_onet_context_dispersion,log_hourly_wage_real,autonomy_quartile,Q2,male_top5_share,0.0579143903390799,2415723
V4_onet_context_dispersion,log_hourly_wage_real,autonomy_quartile,Q2,female_top5_share,0.036450004240989466,2415723
V4_onet_context_dispersion,log_hourly_wage_real,autonomy_quartile,Q4,male_p90_p10,1.7723841667175293,2415744
V4_onet_context_dispersion,log_hourly_wage_real,autonomy_quartile,Q4,female_p90_p10,1.647082805633545,2415744
V4_onet_context_dispersion,log_hourly_wage_real,autonomy_quartile,Q4,male_p95_p50,1.3673593997955322,2415744
V4_onet_context_dispersion,log_hourly_wage_real,autonomy_quartile,Q4,female_p95_p50,1.0797922611236572,2415744
V4_onet_context_dispersion,log_hourly_wage_real,autonomy_quartile,Q4,male_top10_share,0.15188607175079755,2415744
V4_onet_context_dispersion,log_hourly_wage_real,autonomy_quartile,Q4,female_top10_share,0.0657108011713774,2415744
V4_onet_context_dispersion,log_hourly_wage_real,autonomy_quartile,Q4,male_top5_share,0.0794075301603294,2415744
V4_onet_context_dispersion,log_hourly_wage_real,autonomy_quartile,Q4,female_top5_share,0.03056877098052214,2415744
V4_onet_context_dispersion,log_hourly_wage_real,autonomy_quartile,Q3,male_p90_p10,1.8728699684143066,2415728
V4_onet_context_dispersion,log_hourly_wage_real,autonomy_quartile,Q3,female_p90_p10,1.727388858795166,2415728
V4_onet_context_dispersion,log_hourly_wage_real,autonomy_quartile,Q3,male_p95_p50,1.1929779052734375,2415728
V4_onet_context_dispersion,log_hourly_wage_real,autonomy_quartile,Q3,female_p95_p50,1.0720891952514648,2415728
V4_onet_context_dispersion,log_hourly_wage_real,autonomy_quartile,Q3,male_top10_share,0.13128962273822045,2415728
V4_onet_context_dispersion,log_hourly_wage_real,autonomy_quartile,Q3,female_top10_share,0.06645621215441568,2415728
V4_onet_context_dispersion,log_hourly_wage_real,autonomy_quartile,Q3,male_top5_share,0.06773942111275066,2415728
V4_onet_context_dispersion,log_hourly_wage_real,autonomy_quartile,Q3,female_top5_share,0.031013726356787893,2415728
V4_onet_context_dispersion,log_hourly_wage_real,autonomy_quartile,missing,male_p90_p10,1.4971678256988525,71714
V4_onet_context_dispersion,log_hourly_wage_real,autonomy_quartile,missing,female_p90_p10,1.3173015117645264,71714
V4_onet_context_dispersion,log_hourly_wage_real,autonomy_quartile,missing,male_p95_p50,0.9144058227539062,71714
V4_onet_context_dispersion,log_hourly_wage_real,autonomy_quartile,missing,female_p95_p50,0.8391430377960205,71714
V4_onet_context_dispersion,log_hourly_wage_real,autonomy_quartile,missing,male_top10_share,0.12328029177191956,71714
V4_onet_context_dispersion,log_hourly_wage_real,autonomy_quartile,missing,female_top10_share,0.060780409680342096,71714
V4_onet_context_dispersion,log_hourly_wage_real,autonomy_quartile,missing,male_top5_share,0.06336700385722145,71714
V4_onet_context_dispersion,log_hourly_wage_real,autonomy_quartile,missing,female_top5_share,0.027722938351439116,71714
V4_onet_context_dispersion,log_hourly_wage_real,time_pressure_quartile,Q4,male_p90_p10,1.502854585647583,2415734
V4_onet_context_dispersion,log_hourly_wage_real,time_pressure_quartile,Q4,female_p90_p10,1.5279994010925293,2415734
V4_onet_context_dispersion,log_hourly_wage_real,time_pressure_quartile,Q4,male_p95_p50,0.9529471397399902,2415734
V4_onet_context_dispersion,log_hourly_wage_real,time_pressure_quartile,Q4,female_p95_p50,1.0131216049194336,2415734
V4_onet_context_dispersion,log_hourly_wage_real,time_pressure_quartile,Q4,male_top10_share,0.11017240137825095,2415734
V4_onet_context_dispersion,log_hourly_wage_real,time_pressure_quartile,Q4,female_top10_share,0.06537215224828559,2415734
V4_onet_context_dispersion,log_hourly_wage_real,time_pressure_quartile,Q4,male_top5_share,0.05411712249895775,2415734
V4_onet_context_dispersion,log_hourly_wage_real,time_pressure_quartile,Q4,female_top5_share,0.036368853842259484,2415734
V4_onet_context_dispersion,log_hourly_wage_real,time_pressure_quartile,Q1,male_p90_p10,1.8998572826385498,2415706
V4_onet_context_dispersion,log_hourly_wage_real,time_pressure_quartile,Q1,female_p90_p10,1.7926983833312988,2415706
V4_onet_context_dispersion,log_hourly_wage_real,time_pressure_quartile,Q1,male_p95_p50,1.1384649276733398,2415706
V4_onet_context_dispersion,log_hourly_wage_real,time_pressure_quartile,Q1,female_p95_p50,1.1408145427703857,2415706
V4_onet_context_dispersion,log_hourly_wage_real,time_pressure_quartile,Q1,male_top10_share,0.14520102028749987,2415706
V4_onet_context_dispersion,log_hourly_wage_real,time_pressure_quartile,Q1,female_top10_share,0.05972408743101683,2415706
V4_onet_context_dispersion,log_hourly_wage_real,time_pressure_quartile,Q1,male_top5_share,0.0737293755363575,2415706
V4_onet_context_dispersion,log_hourly_wage_real,time_pressure_quartile,Q1,female_top5_share,0.02867412843284168,2415706
V4_onet_context_dispersion,log_hourly_wage_real,time_pressure_quartile,Q2,male_p90_p10,1.7690157890319824,2415742
V4_onet_context_dispersion,log_hourly_wage_real,time_pressure_quartile,Q2,female_p90_p10,1.6855220794677734,2415742
V4_onet_context_dispersion,log_hourly_wage_real,time_pressure_quartile,Q2,male_p95_p50,1.1413195133209229,2415742
V4_onet_context_dispersion,log_hourly_wage_real,time_pressure_quartile,Q2,female_p95_p50,1.1192314624786377,2415742
V4_onet_context_dispersion,log_hourly_wage_real,time_pressure_quartile,Q2,male_top10_share,0.13988592933722777,2415742
V4_onet_context_dispersion,log_hourly_wage_real,time_pressure_quartile,Q2,female_top10_share,0.06211662311076014,2415742
V4_onet_context_dispersion,log_hourly_wage_real,time_pressure_quartile,Q2,male_top5_share,0.07186612759531641,2415742
V4_onet_context_dispersion,log_hourly_wage_real,time_pressure_quartile,Q2,female_top5_share,0.02932351231588125,2415742
V4_onet_context_dispersion,log_hourly_wage_real,time_pressure_quartile,Q3,male_p90_p10,2.0431928634643555,2415733
V4_onet_context_dispersion,log_hourly_wage_real,time_pressure_quartile,Q3,female_p90_p10,1.6785247325897217,2415733
V4_onet_context_dispersion,log_hourly_wage_real,time_pressure_quartile,Q3,male_p95_p50,1.5242173671722412,2415733
V4_onet_context_dispersion,log_hourly_wage_real,time_pressure_quartile,Q3,female_p95_p50,1.1896185874938965,2415733
V4_onet_context_dispersion,log_hourly_wage_real,time_pressure_quartile,Q3,male_top10_share,0.15864972791051934,2415733
V4_onet_context_dispersion,log_hourly_wage_real,time_pressure_quartile,Q3,female_top10_share,0.07034161950307702,2415733
V4_onet_context_dispersion,log_hourly_wage_real,time_pressure_quartile,Q3,male_top5_share,0.08627008546563715,2415733
V4_onet_context_dispersion,log_hourly_wage_real,time_pressure_quartile,Q3,female_top5_share,0.031896179033187005,2415733
V4_onet_context_dispersion,log_hourly_wage_real,time_pressure_quartile,missing,male_p90_p10,1.4971678256988525,71714
V4_onet_context_dispersion,log_hourly_wage_real,time_pressure_quartile,missing,female_p90_p10,1.3173015117645264,71714
V4_onet_context_dispersion,log_hourly_wage_real,time_pressure_quartile,missing,male_p95_p50,0.9144058227539062,71714
V4_onet_context_dispersion,log_hourly_wage_real,time_pressure_quartile,missing,female_p95_p50,0.8391430377960205,71714
V4_onet_context_dispersion,log_hourly_wage_real,time_pressure_quartile,missing,male_top10_share,0.12328029177191956,71714
V4_onet_context_dispersion,log_hourly_wage_real,time_pressure_quartile,missing,female_top10_share,0.060780409680342096,71714
V4_onet_context_dispersion,log_hourly_wage_real,time_pressure_quartile,missing,male_top5_share,0.06336700385722145,71714
V4_onet_context_dispersion,log_hourly_wage_real,time_pressure_quartile,missing,female_top5_share,0.027722938351439116,71714
V1_raw_residual,log_annual_earnings_real,survey_year,2013,male_p90_p10,2.194371223449707,871729
V1_raw_residual,log_annual_earnings_real,survey_year,2013,female_p90_p10,2.3848228454589844,871729
V1_raw_residual,log_annual_earnings_real,survey_year,2013,male_p95_p50,1.252762794494629,871729
V1_raw_residual,log_annual_earnings_real,survey_year,2013,female_p95_p50,1.2039728164672852,871729
V1_raw_residual,log_annual_earnings_real,survey_year,2013,male_top10_share,0.13954824843273947,871729
V1_raw_residual,log_annual_earnings_real,survey_year,2013,female_top10_share,0.060686778920971976,871729
V1_raw_residual,log_annual_earnings_real,survey_year,2013,male_top5_share,0.0787583425949441,871729
V1_raw_residual,log_annual_earnings_real,survey_year,2013,female_top5_share,0.02986293951620689,871729
V1_raw_residual,log_annual_earnings_real,survey_year,2014,male_p90_p10,2.149822235107422,863334
V1_raw_residual,log_annual_earnings_real,survey_year,2014,female_p90_p10,2.6417999267578125,863334
V1_raw_residual,log_annual_earnings_real,survey_year,2014,male_p95_p50,1.178654670715332,863334
V1_raw_residual,log_annual_earnings_real,survey_year,2014,female_p95_p50,1.152679443359375,863334
V1_raw_residual,log_annual_earnings_real,survey_year,2014,male_top10_share,0.16650719679419212,863334
V1_raw_residual,log_annual_earnings_real,survey_year,2014,female_top10_share,0.05990136426701943,863334
V1_raw_residual,log_annual_earnings_real,survey_year,2014,male_top5_share,0.07309820297497452,863334
V1_raw_residual,log_annual_earnings_real,survey_year,2014,female_top5_share,0.022471793691970793,863334
V1_raw_residual,log_annual_earnings_real,survey_year,2015,male_p90_p10,2.1747522354125977,866806
V1_raw_residual,log_annual_earnings_real,survey_year,2015,female_p90_p10,2.3025856018066406,866806
V1_raw_residual,log_annual_earnings_real,survey_year,2015,male_p95_p50,1.2540969848632812,866806
V1_raw_residual,log_annual_earnings_real,survey_year,2015,female_p95_p50,1.1493854522705078,866806
V1_raw_residual,log_annual_earnings_real,survey_year,2015,male_top10_share,0.13870907673719282,866806
V1_raw_residual,log_annual_earnings_real,survey_year,2015,female_top10_share,0.06149720361870897,866806
V1_raw_residual,log_annual_earnings_real,survey_year,2015,male_top5_share,0.07115829637141376,866806
V1_raw_residual,log_annual_earnings_real,survey_year,2015,female_top5_share,0.027384345843064116,866806
V1_raw_residual,log_annual_earnings_real,survey_year,2016,male_p90_p10,2.179983139038086,868130
V1_raw_residual,log_annual_earnings_real,survey_year,2016,female_p90_p10,2.3393993377685547,868130
V1_raw_residual,log_annual_earnings_real,survey_year,2016,male_p95_p50,1.2039728164672852,868130
V1_raw_residual,log_annual_earnings_real,survey_year,2016,female_p95_p50,1.16693115234375,868130
V1_raw_residual,log_annual_earnings_real,survey_year,2016,male_top10_share,0.14438192279998127,868130
V1_raw_residual,log_annual_earnings_real,survey_year,2016,female_top10_share,0.06569121480853708,868130
V1_raw_residual,log_annual_earnings_real,survey_year,2016,male_top5_share,0.07516442735839908,868130
V1_raw_residual,log_annual_earnings_real,survey_year,2016,female_top5_share,0.029745841071975965,868130
V1_raw_residual,log_annual_earnings_real,survey_year,2017,male_p90_p10,2.132948875427246,883126
V1_raw_residual,log_annual_earnings_real,survey_year,2017,female_p90_p10,2.2454261779785156,883126
V1_raw_residual,log_annual_earnings_real,survey_year,2017,male_p95_p50,1.2367620468139648,883126
V1_raw_residual,log_annual_earnings_real,survey_year,2017,female_p95_p50,1.1451330184936523,883126
V1_raw_residual,log_annual_earnings_real,survey_year,2017,male_top10_share,0.15102546259686858,883126
V1_raw_residual,log_annual_earnings_real,survey_year,2017,female_top10_share,0.07188706907348977,883126
V1_raw_residual,log_annual_earnings_real,survey_year,2017,male_top5_share,0.07193438636723075,883126
V1_raw_residual,log_annual_earnings_real,survey_year,2017,female_top5_share,0.029552555319357014,883126
V1_raw_residual,log_annual_earnings_real,survey_year,2018,male_p90_p10,2.0794410705566406,887168
V1_raw_residual,log_annual_earnings_real,survey_year,2018,female_p90_p10,2.2590999603271484,887168
V1_raw_residual,log_annual_earnings_real,survey_year,2018,male_p95_p50,1.2250261306762695,887168
V1_raw_residual,log_annual_earnings_real,survey_year,2018,female_p95_p50,1.1895837783813477,887168
V1_raw_residual,log_annual_earnings_real,survey_year,2018,male_top10_share,0.13533881082263546,887168
V1_raw_residual,log_annual_earnings_real,survey_year,2018,female_top10_share,0.06375205551991832,887168
V1_raw_residual,log_annual_earnings_real,survey_year,2018,male_top5_share,0.0739576562690547,887168
V1_raw_residual,log_annual_earnings_real,survey_year,2018,female_top5_share,0.03048499553386362,887168
V1_raw_residual,log_annual_earnings_real,survey_year,2019,male_p90_p10,2.1202640533447266,885100
V1_raw_residual,log_annual_earnings_real,survey_year,2019,female_p90_p10,2.2192039489746094,885100
V1_raw_residual,log_annual_earnings_real,survey_year,2019,male_p95_p50,1.223775863647461,885100
V1_raw_residual,log_annual_earnings_real,survey_year,2019,female_p95_p50,1.1847152709960938,885100
V1_raw_residual,log_annual_earnings_real,survey_year,2019,male_top10_share,0.1362413463417412,885100
V1_raw_residual,log_annual_earnings_real,survey_year,2019,female_top10_share,0.0659041492403778,885100
V1_raw_residual,log_annual_earnings_real,survey_year,2019,male_top5_share,0.070226913630119,885100
V1_raw_residual,log_annual_earnings_real,survey_year,2019,female_top5_share,0.029559242112395887,885100
V1_raw_residual,log_annual_earnings_real,survey_year,2021,male_p90_p10,2.1972246170043945,860996
V1_raw_residual,log_annual_earnings_real,survey_year,2021,female_p90_p10,2.3025856018066406,860996
V1_raw_residual,log_annual_earnings_real,survey_year,2021,male_p95_p50,1.241713523864746,860996
V1_raw_residual,log_annual_earnings_real,survey_year,2021,female_p95_p50,1.1786556243896484,860996
V1_raw_residual,log_annual_earnings_real,survey_year,2021,male_top10_share,0.13484382682579538,860996
V1_raw_residual,log_annual_earnings_real,survey_year,2021,female_top10_share,0.06727063199924475,860996
V1_raw_residual,log_annual_earnings_real,survey_year,2021,male_top5_share,0.06866283997560838,860996
V1_raw_residual,log_annual_earnings_real,survey_year,2021,female_top5_share,0.029870371949690937,860996
V1_raw_residual,log_annual_earnings_real,survey_year,2022,male_p90_p10,2.0380563735961914,905062
V1_raw_residual,log_annual_earnings_real,survey_year,2022,female_p90_p10,2.26519775390625,905062
V1_raw_residual,log_annual_earnings_real,survey_year,2022,male_p95_p50,1.2909841537475586,905062
V1_raw_residual,log_annual_earnings_real,survey_year,2022,female_p95_p50,1.1804418563842773,905062
V1_raw_residual,log_annual_earnings_real,survey_year,2022,male_top10_share,0.1327946563232381,905062
V1_raw_residual,log_annual_earnings_real,survey_year,2022,female_top10_share,0.06790893319469331,905062
V1_raw_residual,log_annual_earnings_real,survey_year,2022,male_top5_share,0.06914221734065588,905062
V1_raw_residual,log_annual_earnings_real,survey_year,2022,female_top5_share,0.03138614018588034,905062
V1_raw_residual,log_annual_earnings_real,survey_year,2023,male_p90_p10,2.0149030685424805,919918
V1_raw_residual,log_annual_earnings_real,survey_year,2023,female_p90_p10,2.242481231689453,919918
V1_raw_residual,log_annual_earnings_real,survey_year,2023,male_p95_p50,1.2039728164672852,919918
V1_raw_residual,log_annual_earnings_real,survey_year,2023,female_p95_p50,1.1885366439819336,919918
V1_raw_residual,log_annual_earnings_real,survey_year,2023,male_top10_share,0.131172526006584,919918
V1_raw_residual,log_annual_earnings_real,survey_year,2023,female_top10_share,0.06702588079002772,919918
V1_raw_residual,log_annual_earnings_real,survey_year,2023,male_top5_share,0.07138924422307244,919918
V1_raw_residual,log_annual_earnings_real,survey_year,2023,female_top5_share,0.03187044186938018,919918
V1_raw_residual,log_annual_earnings_real,survey_year,2024,male_p90_p10,2.060513496398926,922880
V1_raw_residual,log_annual_earnings_real,survey_year,2024,female_p90_p10,2.302584648132324,922880
V1_raw_residual,log_annual_earnings_real,survey_year,2024,male_p95_p50,1.252762794494629,922880
V1_raw_residual,log_annual_earnings_real,survey_year,2024,female_p95_p50,1.1334037780761719,922880
V1_raw_residual,log_annual_earnings_real,survey_year,2024,male_top10_share,0.13448900513423934,922880
V1_raw_residual,log_annual_earnings_real,survey_year,2024,female_top10_share,0.06976983253881931,922880
V1_raw_residual,log_annual_earnings_real,survey_year,2024,male_top5_share,0.06908565857489028,922880
V1_raw_residual,log_annual_earnings_real,survey_year,2024,female_top5_share,0.031409390758682126,922880
V3_reproductive_dispersion,log_annual_earnings_real,reproductive_stage,mother_mixed_or_other,male_p90_p10,2.0148820877075195,2318187
V3_reproductive_dispersion,log_annual_earnings_real,reproductive_stage,mother_mixed_or_other,female_p90_p10,2.3159799575805664,2318187
V3_reproductive_dispersion,log_annual_earnings_real,reproductive_stage,mother_mixed_or_other,male_p95_p50,1.2598237991333008,2318187
V3_reproductive_dispersion,log_annual_earnings_real,reproductive_stage,mother_mixed_or_other,female_p95_p50,1.1331663131713867,2318187
V3_reproductive_dispersion,log_annual_earnings_real,reproductive_stage,mother_mixed_or_other,male_top10_share,0.10576101151152376,2318187
V3_reproductive_dispersion,log_annual_earnings_real,reproductive_stage,mother_mixed_or_other,female_top10_share,0.009034260690463694,2318187
V3_reproductive_dispersion,log_annual_earnings_real,reproductive_stage,mother_mixed_or_other,male_top5_share,0.053151299006868276,2318187
V3_reproductive_dispersion,log_annual_earnings_real,reproductive_stage,mother_mixed_or_other,female_top5_share,0.003713938557348464,2318187
V3_reproductive_dispersion,log_annual_earnings_real,reproductive_stage,mother_under6,male_p90_p10,2.402430534362793,662343
V3_reproductive_dispersion,log_annual_earnings_real,reproductive_stage,mother_under6,female_p90_p10,2.624606132507324,662343
V3_reproductive_dispersion,log_annual_earnings_real,reproductive_stage,mother_under6,male_p95_p50,1.3862943649291992,662343
V3_reproductive_dispersion,log_annual_earnings_real,reproductive_stage,mother_under6,female_p95_p50,1.3032798767089844,662343
V3_reproductive_dispersion,log_annual_earnings_real,reproductive_stage,mother_under6,male_top10_share,0.15826532245159225,662343
V3_reproductive_dispersion,log_annual_earnings_real,reproductive_stage,mother_under6,female_top10_share,0.10008225624222832,662343
V3_reproductive_dispersion,log_annual_earnings_real,reproductive_stage,mother_under6,male_top5_share,0.08353336533845415,662343
V3_reproductive_dispersion,log_annual_earnings_real,reproductive_stage,mother_under6,female_top5_share,0.05010072187506738,662343
V3_reproductive_dispersion,log_annual_earnings_real,reproductive_stage,mother_6_17_only,male_p90_p10,0.0,1344969
V3_reproductive_dispersion,log_annual_earnings_real,reproductive_stage,mother_6_17_only,female_p90_p10,2.508316993713379,1344969
V3_reproductive_dispersion,log_annual_earnings_real,reproductive_stage,mother_6_17_only,male_p95_p50,0.0,1344969
V3_reproductive_dispersion,log_annual_earnings_real,reproductive_stage,mother_6_17_only,female_p95_p50,1.2941198348999023,1344969
V3_reproductive_dispersion,log_annual_earnings_real,reproductive_stage,mother_6_17_only,male_top10_share,0.0,1344969
V3_reproductive_dispersion,log_annual_earnings_real,reproductive_stage,mother_6_17_only,female_top10_share,0.10029089211122481,1344969
V3_reproductive_dispersion,log_annual_earnings_real,reproductive_stage,mother_6_17_only,male_top5_share,0.0,1344969
V3_reproductive_dispersion,log_annual_earnings_real,reproductive_stage,mother_6_17_only,female_top5_share,0.05012445008211162,1344969
V3_reproductive_dispersion,log_annual_earnings_real,reproductive_stage,recent_birth,male_p90_p10,1.9379425048828125,213793
V3_reproductive_dispersion,log_annual_earnings_real,reproductive_stage,recent_birth,female_p90_p10,2.7629871368408203,213793
V3_reproductive_dispersion,log_annual_earnings_real,reproductive_stage,recent_birth,male_p95_p50,1.2280702590942383,213793
V3_reproductive_dispersion,log_annual_earnings_real,reproductive_stage,recent_birth,female_p95_p50,1.2631025314331055,213793
V3_reproductive_dispersion,log_annual_earnings_real,reproductive_stage,recent_birth,male_top10_share,0.19984917043740574,213793
V3_reproductive_dispersion,log_annual_earnings_real,reproductive_stage,recent_birth,female_top10_share,0.10001395925257191,213793
V3_reproductive_dispersion,log_annual_earnings_real,reproductive_stage,recent_birth,male_top5_share,0.10321051497522085,213793
V3_reproductive_dispersion,log_annual_earnings_real,reproductive_stage,recent_birth,female_top5_share,0.05012154354757847,213793
V3_reproductive_dispersion,log_annual_earnings_real,reproductive_stage,childless_recently_married,male_p90_p10,2.0041980743408203,2956083
V3_reproductive_dispersion,log_annual_earnings_real,reproductive_stage,childless_recently_married,female_p90_p10,2.245820999145508,2956083
V3_reproductive_dispersion,log_annual_earnings_real,reproductive_stage,childless_recently_married,male_p95_p50,1.1928892135620117,2956083
V3_reproductive_dispersion,log_annual_earnings_real,reproductive_stage,childless_recently_married,female_p95_p50,1.1389780044555664,2956083
V3_reproductive_dispersion,log_annual_earnings_real,reproductive_stage,childless_recently_married,male_top10_share,0.13098086564190525,2956083
V3_reproductive_dispersion,log_annual_earnings_real,reproductive_stage,childless_recently_married,female_top10_share,0.06665408958690469,2956083
V3_reproductive_dispersion,log_annual_earnings_real,reproductive_stage,childless_recently_married,male_top5_share,0.06690291894650151,2956083
V3_reproductive_dispersion,log_annual_earnings_real,reproductive_stage,childless_recently_married,female_top5_share,0.03173651823490525,2956083
V3_reproductive_dispersion,log_annual_earnings_real,reproductive_stage,childless_unpartnered,male_p90_p10,2.302483558654785,2215973
V3_reproductive_dispersion,log_annual_earnings_real,reproductive_stage,childless_unpartnered,female_p90_p10,2.1900978088378906,2215973
V3_reproductive_dispersion,log_annual_earnings_real,reproductive_stage,childless_unpartnered,male_p95_p50,1.1841487884521484,2215973
V3_reproductive_dispersion,log_annual_earnings_real,reproductive_stage,childless_unpartnered,female_p95_p50,1.1116104125976562,2215973
V3_reproductive_dispersion,log_annual_earnings_real,reproductive_stage,childless_unpartnered,male_top10_share,0.10500105909912194,2215973
V3_reproductive_dispersion,log_annual_earnings_real,reproductive_stage,childless_unpartnered,female_top10_share,0.09521511758533117,2215973
V3_reproductive_dispersion,log_annual_earnings_real,reproductive_stage,childless_unpartnered,male_top5_share,0.05330108826905648,2215973
V3_reproductive_dispersion,log_annual_earnings_real,reproductive_stage,childless_unpartnered,female_top5_share,0.04535923959135708,2215973
V3_reproductive_dispersion,log_annual_earnings_real,reproductive_stage,childless_other_partnered,male_p90_p10,2.089665412902832,22901
V3_reproductive_dispersion,log_annual_earnings_real,reproductive_stage,childless_other_partnered,female_p90_p10,1.9398069381713867,22901
V3_reproductive_dispersion,log_annual_earnings_real,reproductive_stage,childless_other_partnered,male_p95_p50,1.3002204895019531,22901
V3_reproductive_dispersion,log_annual_earnings_real,reproductive_stage,childless_other_partnered,female_p95_p50,1.0490140914916992,22901
V3_reproductive_dispersion,log_annual_earnings_real,reproductive_stage,childless_other_partnered,male_top10_share,0.13481881118909816,22901
V3_reproductive_dispersion,log_annual_earnings_real,reproductive_stage,childless_other_partnered,female_top10_share,0.05206682813466733,22901
V3_reproductive_dispersion,log_annual_earnings_real,reproductive_stage,childless_other_partnered,male_top5_share,0.07165271608805622,22901
V3_reproductive_dispersion,log_annual_earnings_real,reproductive_stage,childless_other_partnered,female_top5_share,0.021122881675645494,22901
V3_reproductive_dispersion,log_annual_earnings_real,fertility_risk_quartile,missing,male_p90_p10,2.1238698959350586,7322975
V3_reproductive_dispersion,log_annual_earnings_real,fertility_risk_quartile,missing,female_p90_p10,2.565441131591797,7322975
V3_reproductive_dispersion,log_annual_earnings_real,fertility_risk_quartile,missing,male_p95_p50,1.2398433685302734,7322975
V3_reproductive_dispersion,log_annual_earnings_real,fertility_risk_quartile,missing,female_p95_p50,1.277587890625,7322975
V3_reproductive_dispersion,log_annual_earnings_real,fertility_risk_quartile,missing,male_top10_share,0.11834568134032084,7322975
V3_reproductive_dispersion,log_annual_earnings_real,fertility_risk_quartile,missing,female_top10_share,0.05961739307064273,7322975
V3_reproductive_dispersion,log_annual_earnings_real,fertility_risk_quartile,missing,male_top5_share,0.05992160662653232,7322975
V3_reproductive_dispersion,log_annual_earnings_real,fertility_risk_quartile,missing,female_top5_share,0.028216138845527556,7322975
V3_reproductive_dispersion,log_annual_earnings_real,fertility_risk_quartile,Q4,male_p90_p10,,602821
V3_reproductive_dispersion,log_annual_earnings_real,fertility_risk_quartile,Q4,female_p90_p10,2.302584648132324,602821
V3_reproductive_dispersion,log_annual_earnings_real,fertility_risk_quartile,Q4,male_p95_p50,,602821
V3_reproductive_dispersion,log_annual_earnings_real,fertility_risk_quartile,Q4,female_p95_p50,1.055379867553711,602821
V3_reproductive_dispersion,log_annual_earnings_real,fertility_risk_quartile,Q4,male_top10_share,,602821
V3_reproductive_dispersion,log_annual_earnings_real,fertility_risk_quartile,Q4,female_top10_share,0.10104796117916502,602821
V3_reproductive_dispersion,log_annual_earnings_real,fertility_risk_quartile,Q4,male_top5_share,,602821
V3_reproductive_dispersion,log_annual_earnings_real,fertility_risk_quartile,Q4,female_top5_share,0.05015658174156488,602821
V3_reproductive_dispersion,log_annual_earnings_real,fertility_risk_quartile,Q2,male_p90_p10,,602820
V3_reproductive_dispersion,log_annual_earnings_real,fertility_risk_quartile,Q2,female_p90_p10,2.1202640533447266,602820
V3_reproductive_dispersion,log_annual_earnings_real,fertility_risk_quartile,Q2,male_p95_p50,,602820
V3_reproductive_dispersion,log_annual_earnings_real,fertility_risk_quartile,Q2,female_p95_p50,1.1222896575927734,602820
V3_reproductive_dispersion,log_annual_earnings_real,fertility_risk_quartile,Q2,male_top10_share,,602820
V3_reproductive_dispersion,log_annual_earnings_real,fertility_risk_quartile,Q2,female_top10_share,0.1010831625634073,602820
V3_reproductive_dispersion,log_annual_earnings_real,fertility_risk_quartile,Q2,male_top5_share,,602820
V3_reproductive_dispersion,log_annual_earnings_real,fertility_risk_quartile,Q2,female_top5_share,0.05021295311196229,602820
V3_reproductive_dispersion,log_annual_earnings_real,fertility_risk_quartile,Q1,male_p90_p10,,602827
V3_reproductive_dispersion,log_annual_earnings_real,fertility_risk_quartile,Q1,female_p90_p10,1.864069938659668,602827
V3_reproductive_dispersion,log_annual_earnings_real,fertility_risk_quartile,Q1,male_p95_p50,,602827
V3_reproductive_dispersion,log_annual_earnings_real,fertility_risk_quartile,Q1,female_p95_p50,0.9920282363891602,602827
V3_reproductive_dispersion,log_annual_earnings_real,fertility_risk_quartile,Q1,male_top10_share,,602827
V3_reproductive_dispersion,log_annual_earnings_real,fertility_risk_quartile,Q1,female_top10_share,0.10014422926429638,602827
V3_reproductive_dispersion,log_annual_earnings_real,fertility_risk_quartile,Q1,male_top5_share,,602827
V3_reproductive_dispersion,log_annual_earnings_real,fertility_risk_quartile,Q1,female_top5_share,0.051383023157942666,602827
V3_reproductive_dispersion,log_annual_earnings_real,fertility_risk_quartile,Q3,male_p90_p10,,602806
V3_reproductive_dispersion,log_annual_earnings_real,fertility_risk_quartile,Q3,female_p90_p10,2.116255760192871,602806
V3_reproductive_dispersion,log_annual_earnings_real,fertility_risk_quartile,Q3,male_p95_p50,,602806
V3_reproductive_dispersion,log_annual_earnings_real,fertility_risk_quartile,Q3,female_p95_p50,1.0815763473510742,602806
V3_reproductive_dispersion,log_annual_earnings_real,fertility_risk_quartile,Q3,male_top10_share,,602806
V3_reproductive_dispersion,log_annual_earnings_real,fertility_risk_quartile,Q3,female_top10_share,0.10004145467379268,602806
V3_reproductive_dispersion,log_annual_earnings_real,fertility_risk_quartile,Q3,male_top5_share,,602806
V3_reproductive_dispersion,log_annual_earnings_real,fertility_risk_quartile,Q3,female_top5_share,0.050007814528070564,602806
V3_reproductive_dispersion,log_annual_earnings_real,couple_type,unpartnered,male_p90_p10,2.1228370666503906,9667705
V3_reproductive_dispersion,log_annual_earnings_real,couple_type,unpartnered,female_p90_p10,2.3559341430664062,9667705
V3_reproductive_dispersion,log_annual_earnings_real,couple_type,unpartnered,male_p95_p50,1.241842269897461,9667705
V3_reproductive_dispersion,log_annual_earnings_real,couple_type,unpartnered,female_p95_p50,1.218327522277832,9667705
V3_reproductive_dispersion,log_annual_earnings_real,couple_type,unpartnered,male_top10_share,0.13244565814014786,9667705
V3_reproductive_dispersion,log_annual_earnings_real,couple_type,unpartnered,female_top10_share,0.06525559965517051,9667705
V3_reproductive_dispersion,log_annual_earnings_real,couple_type,unpartnered,male_top5_share,0.06888329825429544,9667705
V3_reproductive_dispersion,log_annual_earnings_real,couple_type,unpartnered,female_top5_share,0.030155857757225603,9667705
V3_reproductive_dispersion,log_annual_earnings_real,couple_type,same_sex,male_p90_p10,2.115253448486328,66544
V3_reproductive_dispersion,log_annual_earnings_real,couple_type,same_sex,female_p90_p10,2.032686233520508,66544
V3_reproductive_dispersion,log_annual_earnings_real,couple_type,same_sex,male_p95_p50,1.3437347412109375,66544
V3_reproductive_dispersion,log_annual_earnings_real,couple_type,same_sex,female_p95_p50,1.1028070449829102,66544
V3_reproductive_dispersion,log_annual_earnings_real,couple_type,same_sex,male_top10_share,0.14249768281351044,66544
V3_reproductive_dispersion,log_annual_earnings_real,couple_type,same_sex,female_top10_share,0.06099385608978491,66544
V3_reproductive_dispersion,log_annual_earnings_real,couple_type,same_sex,male_top5_share,0.07462261813848835,66544
V3_reproductive_dispersion,log_annual_earnings_real,couple_type,same_sex,female_top5_share,0.02731858313048703,66544
V4_onet_context_dispersion,log_annual_earnings_real,job_rigidity_quartile,Q4,male_p90_p10,1.906355857849121,2415642
V4_onet_context_dispersion,log_annual_earnings_real,job_rigidity_quartile,Q4,female_p90_p10,2.4659347534179688,2415642
V4_onet_context_dispersion,log_annual_earnings_real,job_rigidity_quartile,Q4,male_p95_p50,0.9793319702148438,2415642
V4_onet_context_dispersion,log_annual_earnings_real,job_rigidity_quartile,Q4,female_p95_p50,1.1901016235351562,2415642
V4_onet_context_dispersion,log_annual_earnings_real,job_rigidity_quartile,Q4,male_top10_share,0.11413523608911645,2415642
V4_onet_context_dispersion,log_annual_earnings_real,job_rigidity_quartile,Q4,female_top10_share,0.05008326812684248,2415642
V4_onet_context_dispersion,log_annual_earnings_real,job_rigidity_quartile,Q4,male_top5_share,0.056389832972705264,2415642
V4_onet_context_dispersion,log_annual_earnings_real,job_rigidity_quartile,Q4,female_top5_share,0.027025578587121627,2415642
V4_onet_context_dispersion,log_annual_earnings_real,job_rigidity_quartile,Q1,male_p90_p10,2.041567802429199,2415608
V4_onet_context_dispersion,log_annual_earnings_real,job_rigidity_quartile,Q1,female_p90_p10,2.194647789001465,2415608
V4_onet_context_dispersion,log_annual_earnings_real,job_rigidity_quartile,Q1,male_p95_p50,1.201399803161621,2415608
V4_onet_context_dispersion,log_annual_earnings_real,job_rigidity_quartile,Q1,female_p95_p50,1.0000696182250977,2415608
V4_onet_context_dispersion,log_annual_earnings_real,job_rigidity_quartile,Q1,male_top10_share,0.1657481547446924,2415608
V4_onet_context_dispersion,log_annual_earnings_real,job_rigidity_quartile,Q1,female_top10_share,0.0629263215004053,2415608
V4_onet_context_dispersion,log_annual_earnings_real,job_rigidity_quartile,Q1,male_top5_share,0.08553064364927652,2415608
V4_onet_context_dispersion,log_annual_earnings_real,job_rigidity_quartile,Q1,female_top5_share,0.03064702504685735,2415608
V4_onet_context_dispersion,log_annual_earnings_real,job_rigidity_quartile,Q2,male_p90_p10,2.128377914428711,2415664
V4_onet_context_dispersion,log_annual_earnings_real,job_rigidity_quartile,Q2,female_p90_p10,2.408132553100586,2415664
V4_onet_context_dispersion,log_annual_earnings_real,job_rigidity_quartile,Q2,male_p95_p50,1.2697219848632812,2415664
V4_onet_context_dispersion,log_annual_earnings_real,job_rigidity_quartile,Q2,female_p95_p50,1.1851186752319336,2415664
V4_onet_context_dispersion,log_annual_earnings_real,job_rigidity_quartile,Q2,male_top10_share,0.13694605710055005,2415664
V4_onet_context_dispersion,log_annual_earnings_real,job_rigidity_quartile,Q2,female_top10_share,0.05485129104632902,2415664
V4_onet_context_dispersion,log_annual_earnings_real,job_rigidity_quartile,Q2,male_top5_share,0.07128504511262461,2415664
V4_onet_context_dispersion,log_annual_earnings_real,job_rigidity_quartile,Q2,female_top5_share,0.024030221562279387,2415664
V4_onet_context_dispersion,log_annual_earnings_real,job_rigidity_quartile,Q3,male_p90_p10,2.308842658996582,2415624
V4_onet_context_dispersion,log_annual_earnings_real,job_rigidity_quartile,Q3,female_p90_p10,2.3189849853515625,2415624
V4_onet_context_dispersion,log_annual_earnings_real,job_rigidity_quartile,Q3,male_p95_p50,1.225071907043457,2415624
V4_onet_context_dispersion,log_annual_earnings_real,job_rigidity_quartile,Q3,female_p95_p50,1.156686782836914,2415624
V4_onet_context_dispersion,log_annual_earnings_real,job_rigidity_quartile,Q3,male_top10_share,0.17838640735133957,2415624
V4_onet_context_dispersion,log_annual_earnings_real,job_rigidity_quartile,Q3,female_top10_share,0.055129982975401524,2415624
V4_onet_context_dispersion,log_annual_earnings_real,job_rigidity_quartile,Q3,male_top5_share,0.09348472205548272,2415624
V4_onet_context_dispersion,log_annual_earnings_real,job_rigidity_quartile,Q3,female_top5_share,0.025532292438606573,2415624
V4_onet_context_dispersion,log_annual_earnings_real,job_rigidity_quartile,missing,male_p90_p10,1.527878761291504,71711
V4_onet_context_dispersion,log_annual_earnings_real,job_rigidity_quartile,missing,female_p90_p10,1.6677188873291016,71711
V4_onet_context_dispersion,log_annual_earnings_real,job_rigidity_quartile,missing,male_p95_p50,0.8566341400146484,71711
V4_onet_context_dispersion,log_annual_earnings_real,job_rigidity_quartile,missing,female_p95_p50,0.8290138244628906,71711
V4_onet_context_dispersion,log_annual_earnings_real,job_rigidity_quartile,missing,male_top10_share,0.13808811187502146,71711
V4_onet_context_dispersion,log_annual_earnings_real,job_rigidity_quartile,missing,female_top10_share,0.03659995529101374,71711
V4_onet_context_dispersion,log_annual_earnings_real,job_rigidity_quartile,missing,male_top5_share,0.07028629131641591,71711
V4_onet_context_dispersion,log_annual_earnings_real,job_rigidity_quartile,missing,female_top5_share,0.016507231520607367,71711
V4_onet_context_dispersion,log_annual_earnings_real,autonomy_quartile,Q1,male_p90_p10,1.977163314819336,2415620
V4_onet_context_dispersion,log_annual_earnings_real,autonomy_quartile,Q1,female_p90_p10,2.141362190246582,2415620
V4_onet_context_dispersion,log_annual_earnings_real,autonomy_quartile,Q1,male_p95_p50,1.0342416763305664,2415620
V4_onet_context_dispersion,log_annual_earnings_real,autonomy_quartile,Q1,female_p95_p50,0.9289484024047852,2415620
V4_onet_context_dispersion,log_annual_earnings_real,autonomy_quartile,Q1,male_top10_share,0.15129139618010154,2415620
V4_onet_context_dispersion,log_annual_earnings_real,autonomy_quartile,Q1,female_top10_share,0.04254690965690232,2415620
V4_onet_context_dispersion,log_annual_earnings_real,autonomy_quartile,Q1,male_top5_share,0.07757019192435437,2415620
V4_onet_context_dispersion,log_annual_earnings_real,autonomy_quartile,Q1,female_top5_share,0.01907847241681991,2415620
V4_onet_context_dispersion,log_annual_earnings_real,autonomy_quartile,Q2,male_p90_p10,2.115222930908203,2415593
V4_onet_context_dispersion,log_annual_earnings_real,autonomy_quartile,Q2,female_p90_p10,2.5596094131469727,2415593
V4_onet_context_dispersion,log_annual_earnings_real,autonomy_quartile,Q2,male_p95_p50,1.1064186096191406,2415593
V4_onet_context_dispersion,log_annual_earnings_real,autonomy_quartile,Q2,female_p95_p50,1.1416902542114258,2415593
V4_onet_context_dispersion,log_annual_earnings_real,autonomy_quartile,Q2,male_top10_share,0.12805211550147957,2415593
V4_onet_context_dispersion,log_annual_earnings_real,autonomy_quartile,Q2,female_top10_share,0.05441043325937493,2415593
V4_onet_context_dispersion,log_annual_earnings_real,autonomy_quartile,Q2,male_top5_share,0.06425727083861558,2415593
V4_onet_context_dispersion,log_annual_earnings_real,autonomy_quartile,Q2,female_top5_share,0.025614422913357304,2415593
V4_onet_context_dispersion,log_annual_earnings_real,autonomy_quartile,Q4,male_p90_p10,1.9477510452270508,2415677
V4_onet_context_dispersion,log_annual_earnings_real,autonomy_quartile,Q4,female_p90_p10,2.0794410705566406,2415677
V4_onet_context_dispersion,log_annual_earnings_real,autonomy_quartile,Q4,male_p95_p50,1.3964529037475586,2415677
V4_onet_context_dispersion,log_annual_earnings_real,autonomy_quartile,Q4,female_p95_p50,1.0831708908081055,2415677
V4_onet_context_dispersion,log_annual_earnings_real,autonomy_quartile,Q4,male_top10_share,0.1697242317160327,2415677
V4_onet_context_dispersion,log_annual_earnings_real,autonomy_quartile,Q4,female_top10_share,0.056212232169322474,2415677
V4_onet_context_dispersion,log_annual_earnings_real,autonomy_quartile,Q4,male_top5_share,0.09090870920352577,2415677
V4_onet_context_dispersion,log_annual_earnings_real,autonomy_quartile,Q4,female_top5_share,0.02482506039494135,2415677
V4_onet_context_dispersion,log_annual_earnings_real,autonomy_quartile,Q3,male_p90_p10,2.1085729598999023,2415648
V4_onet_context_dispersion,log_annual_earnings_real,autonomy_quartile,Q3,female_p90_p10,2.288088798522949,2415648
V4_onet_context_dispersion,log_annual_earnings_real,autonomy_quartile,Q3,male_p95_p50,1.1625566482543945,2415648
V4_onet_context_dispersion,log_annual_earnings_real,autonomy_quartile,Q3,female_p95_p50,1.1257438659667969,2415648
V4_onet_context_dispersion,log_annual_earnings_real,autonomy_quartile,Q3,male_top10_share,0.1400279301611264,2415648
V4_onet_context_dispersion,log_annual_earnings_real,autonomy_quartile,Q3,female_top10_share,0.057061710494933214,2415648
V4_onet_context_dispersion,log_annual_earnings_real,autonomy_quartile,Q3,male_top5_share,0.07291975609683704,2415648
V4_onet_context_dispersion,log_annual_earnings_real,autonomy_quartile,Q3,female_top5_share,0.02543919171782166,2415648
V4_onet_context_dispersion,log_annual_earnings_real,autonomy_quartile,missing,male_p90_p10,1.527878761291504,71711
V4_onet_context_dispersion,log_annual_earnings_real,autonomy_quartile,missing,female_p90_p10,1.6677188873291016,71711
V4_onet_context_dispersion,log_annual_earnings_real,autonomy_quartile,missing,male_p95_p50,0.8566341400146484,71711
V4_onet_context_dispersion,log_annual_earnings_real,autonomy_quartile,missing,female_p95_p50,0.8290138244628906,71711
V4_onet_context_dispersion,log_annual_earnings_real,autonomy_quartile,missing,male_top10_share,0.13808811187502146,71711
V4_onet_context_dispersion,log_annual_earnings_real,autonomy_quartile,missing,female_top10_share,0.03659995529101374,71711
V4_onet_context_dispersion,log_annual_earnings_real,autonomy_quartile,missing,male_top5_share,0.07028629131641591,71711
V4_onet_context_dispersion,log_annual_earnings_real,autonomy_quartile,missing,female_top5_share,0.016507231520607367,71711
V4_onet_context_dispersion,log_annual_earnings_real,time_pressure_quartile,Q4,male_p90_p10,1.8992424011230469,2415660
V4_onet_context_dispersion,log_annual_earnings_real,time_pressure_quartile,Q4,female_p90_p10,2.3017539978027344,2415660
V4_onet_context_dispersion,log_annual_earnings_real,time_pressure_quartile,Q4,male_p95_p50,0.9692888259887695,2415660
V4_onet_context_dispersion,log_annual_earnings_real,time_pressure_quartile,Q4,female_p95_p50,1.0577392578125,2415660
V4_onet_context_dispersion,log_annual_earnings_real,time_pressure_quartile,Q4,male_top10_share,0.1175193249525679,2415660
V4_onet_context_dispersion,log_annual_earnings_real,time_pressure_quartile,Q4,female_top10_share,0.04410432847019121,2415660
V4_onet_context_dispersion,log_annual_earnings_real,time_pressure_quartile,Q4,male_top5_share,0.05833884713706996,2415660
V4_onet_context_dispersion,log_annual_earnings_real,time_pressure_quartile,Q4,female_top5_share,0.02173834532887117,2415660
V4_onet_context_dispersion,log_annual_earnings_real,time_pressure_quartile,Q1,male_p90_p10,2.3526430130004883,2415578
V4_onet_context_dispersion,log_annual_earnings_real,time_pressure_quartile,Q1,female_p90_p10,2.597842216491699,2415578
V4_onet_context_dispersion,log_annual_earnings_real,time_pressure_quartile,Q1,male_p95_p50,1.1551189422607422,2415578
V4_onet_context_dispersion,log_annual_earnings_real,time_pressure_quartile,Q1,female_p95_p50,1.2121753692626953,2415578
V4_onet_context_dispersion,log_annual_earnings_real,time_pressure_quartile,Q1,male_top10_share,0.16157044952770971,2415578
V4_onet_context_dispersion,log_annual_earnings_real,time_pressure_quartile,Q1,female_top10_share,0.046580595960753084,2415578
V4_onet_context_dispersion,log_annual_earnings_real,time_pressure_quartile,Q1,male_top5_share,0.08411688549699227,2415578
V4_onet_context_dispersion,log_annual_earnings_real,time_pressure_quartile,Q1,female_top5_share,0.01952398736297885,2415578
V4_onet_context_dispersion,log_annual_earnings_real,time_pressure_quartile,Q2,male_p90_p10,1.9760122299194336,2415667
V4_onet_context_dispersion,log_annual_earnings_real,time_pressure_quartile,Q2,female_p90_p10,2.188955307006836,2415667
V4_onet_context_dispersion,log_annual_earnings_real,time_pressure_quartile,Q2,male_p95_p50,1.164687156677246,2415667
V4_onet_context_dispersion,log_annual_earnings_real,time_pressure_quartile,Q2,female_p95_p50,1.1736793518066406,2415667
V4_onet_context_dispersion,log_annual_earnings_real,time_pressure_quartile,Q2,male_top10_share,0.14945760638807024,2415667
V4_onet_context_dispersion,log_annual_earnings_real,time_pressure_quartile,Q2,female_top10_share,0.053012409907082884,2415667
V4_onet_context_dispersion,log_annual_earnings_real,time_pressure_quartile,Q2,male_top5_share,0.07804084553923836,2415667
V4_onet_context_dispersion,log_annual_earnings_real,time_pressure_quartile,Q2,female_top5_share,0.02339995766599769,2415667
V4_onet_context_dispersion,log_annual_earnings_real,time_pressure_quartile,Q3,male_p90_p10,2.427112579345703,2415633
V4_onet_context_dispersion,log_annual_earnings_real,time_pressure_quartile,Q3,female_p90_p10,2.131460189819336,2415633
V4_onet_context_dispersion,log_annual_earnings_real,time_pressure_quartile,Q3,male_p95_p50,1.5689783096313477,2415633
V4_onet_context_dispersion,log_annual_earnings_real,time_pressure_quartile,Q3,female_p95_p50,1.2362861633300781,2415633
V4_onet_context_dispersion,log_annual_earnings_real,time_pressure_quartile,Q3,male_top10_share,0.17559204980407986,2415633
V4_onet_context_dispersion,log_annual_earnings_real,time_pressure_quartile,Q3,female_top10_share,0.06167499640593849,2415633
V4_onet_context_dispersion,log_annual_earnings_real,time_pressure_quartile,Q3,male_top5_share,0.09671192595792505,2415633
V4_onet_context_dispersion,log_annual_earnings_real,time_pressure_quartile,Q3,female_top5_share,0.02628962498431019,2415633
V4_onet_context_dispersion,log_annual_earnings_real,time_pressure_quartile,missing,male_p90_p10,1.527878761291504,71711
V4_onet_context_dispersion,log_annual_earnings_real,time_pressure_quartile,missing,female_p90_p10,1.6677188873291016,71711
V4_onet_context_dispersion,log_annual_earnings_real,time_pressure_quartile,missing,male_p95_p50,0.8566341400146484,71711
V4_onet_context_dispersion,log_annual_earnings_real,time_pressure_quartile,missing,female_p95_p50,0.8290138244628906,71711
V4_onet_context_dispersion,log_annual_earnings_real,time_pressure_quartile,missing,male_top10_share,0.13808811187502146,71711
V4_onet_context_dispersion,log_annual_earnings_real,time_pressure_quartile,missing,female_top10_share,0.03659995529101374,71711
V4_onet_context_dispersion,log_annual_earnings_real,time_pressure_quartile,missing,male_top5_share,0.07028629131641591,71711
V4_onet_context_dispersion,log_annual_earnings_real,time_pressure_quartile,missing,female_top5_share,0.016507231520607367,71711
