year,model,female_coef,female_se,female_pvalue,r_squared,n_obs,controls
2013,M0,-0.17333270865566305,0.0015793168973342868,0.0,0.013628949299968607,871769,female
2013,M1,-0.23458057261372456,0.0013958623963651262,0.0,0.24328968336303247,871769,female + age + age_sq + C(race_ethnicity) + C(education_level)
2013,M2,-0.23313545066730798,0.0013830725730834784,0.0,0.25742057299644727,871769,female + age + age_sq + C(race_ethnicity) + C(education_level) + C(state_fips)
2013,M3,-0.14178439233246867,0.0015469313300237964,0.0,0.3928588253775134,871769,female + age + age_sq + C(race_ethnicity) + C(education_level) + C(state_fips) + C(occupation_code) + C(industry_code) + C(class_of_worker)
2013,M4,-0.14766321438351357,0.0015554122931247846,0.0,0.39632477473673156,871769,female + age + age_sq + C(race_ethnicity) + C(education_level) + C(state_fips) + C(occupation_code) + C(industry_code) + C(class_of_worker) + usual_hours_week + work_from_home + commute_minutes_one_way
2013,M5,-0.15097849335741884,0.0016172041294893731,0.0,0.4005040905238072,871769,female + age + age_sq + C(race_ethnicity) + C(education_level) + C(state_fips) + C(occupation_code) + C(industry_code) + C(class_of_worker) + usual_hours_week + work_from_home + commute_minutes_one_way + C(marital_status) + number_children + children_under_5
2013,M6_reproductive,-0.11577301912273921,0.0018572807994752202,0.0,0.40176459120162444,871769,female + age + age_sq + C(race_ethnicity) + C(education_level) + C(state_fips) + C(occupation_code) + C(industry_code) + C(class_of_worker) + usual_hours_week + work_from_home + commute_minutes_one_way + C(marital_status) + number_children + children_under_5 + recent_birth + recent_marriage + has_own_child + own_child_under6 + own_child_6_17_only + C(couple_type) + C(reproductive_stage)
2013,M7_onet_context,-0.11692228721688415,0.0018695529295526198,0.0,0.4029333720450117,861836,female + age + age_sq + C(race_ethnicity) + C(education_level) + C(state_fips) + C(occupation_code) + C(industry_code) + C(class_of_worker) + usual_hours_week + work_from_home + commute_minutes_one_way + C(marital_status) + number_children + children_under_5 + recent_birth + recent_marriage + has_own_child + own_child_under6 + own_child_6_17_only + C(couple_type) + C(reproductive_stage) + autonomy + schedule_unpredictability + time_pressure + coordination_responsibility + physical_proximity + job_rigidity
2013,M8_reproductive_x_job_context,-0.105276919799956,0.03809192659819694,0.005714087041052476,0.40380516876976025,861836,female + age + age_sq + C(race_ethnicity) + C(education_level) + C(state_fips) + C(occupation_code) + C(industry_code) + C(class_of_worker) + usual_hours_week + work_from_home + commute_minutes_one_way + C(marital_status) + number_children + children_under_5 + recent_birth + recent_marriage + has_own_child + own_child_under6 + own_child_6_17_only + C(couple_type) + C(reproductive_stage) + autonomy + schedule_unpredictability + time_pressure + coordination_responsibility + physical_proximity + job_rigidity + female_x_recent_birth + female_x_own_child_under6 + female_x_recent_marriage + female_x_same_sex_couple_household + female_x_autonomy + female_x_job_rigidity + female_x_own_child_under6_x_job_rigidity
2014,M0,-0.16362585467782362,0.0015362389214437693,0.0,0.012969343822363588,863376,female
2014,M1,-0.2260157142666352,0.0013537918418472814,0.0,0.28134038036967846,863376,female + age + age_sq + C(race_ethnicity) + C(education_level)
2014,M2,-0.21356518813500366,0.0013537321670081621,0.0,0.29568419588943706,863376,female + age + age_sq + C(race_ethnicity) + C(education_level) + C(state_fips)
2014,M3,-0.14449757977977407,0.00152000428498411,0.0,0.4802132854346379,863376,female + age + age_sq + C(race_ethnicity) + C(education_level) + C(state_fips) + C(occupation_code) + C(industry_code) + C(class_of_worker)
2014,M4,-0.15254679003326266,0.0015316475670296406,0.0,0.48121744409644596,863375,female + age + age_sq + C(race_ethnicity) + C(education_level) + C(state_fips) + C(occupation_code) + C(industry_code) + C(class_of_worker) + usual_hours_week + work_from_home + commute_minutes_one_way
2014,M5,-0.14939476919552996,0.0015871501595614212,0.0,0.48570738922218415,863375,female + age + age_sq + C(race_ethnicity) + C(education_level) + C(state_fips) + C(occupation_code) + C(industry_code) + C(class_of_worker) + usual_hours_week + work_from_home + commute_minutes_one_way + C(marital_status) + number_children + children_under_5
2014,M6_reproductive,-0.12834346283070364,0.0018247556456316945,0.0,0.4863756187371877,863375,female + age + age_sq + C(race_ethnicity) + C(education_level) + C(state_fips) + C(occupation_code) + C(industry_code) + C(class_of_worker) + usual_hours_week + work_from_home + commute_minutes_one_way + C(marital_status) + number_children + children_under_5 + recent_birth + recent_marriage + has_own_child + own_child_under6 + own_child_6_17_only + C(couple_type) + C(reproductive_stage)
2014,M7_onet_context,-0.12921096961482162,0.0018366276351347217,0.0,0.48742931174760484,854105,female + age + age_sq + C(race_ethnicity) + C(education_level) + C(state_fips) + C(occupation_code) + C(industry_code) + C(class_of_worker) + usual_hours_week + work_from_home + commute_minutes_one_way + C(marital_status) + number_children + children_under_5 + recent_birth + recent_marriage + has_own_child + own_child_under6 + own_child_6_17_only + C(couple_type) + C(reproductive_stage) + autonomy + schedule_unpredictability + time_pressure + coordination_responsibility + physical_proximity + job_rigidity
2014,M8_reproductive_x_job_context,0.6992650912053094,0.03770797522247102,9.402351519219018e-77,0.48836584902728,854105,female + age + age_sq + C(race_ethnicity) + C(education_level) + C(state_fips) + C(occupation_code) + C(industry_code) + C(class_of_worker) + usual_hours_week + work_from_home + commute_minutes_one_way + C(marital_status) + number_children + children_under_5 + recent_birth + recent_marriage + has_own_child + own_child_under6 + own_child_6_17_only + C(couple_type) + C(reproductive_stage) + autonomy + schedule_unpredictability + time_pressure + coordination_responsibility + physical_proximity + job_rigidity + female_x_recent_birth + female_x_own_child_under6 + female_x_recent_marriage + female_x_same_sex_couple_household + female_x_autonomy + female_x_job_rigidity + female_x_own_child_under6_x_job_rigidity
2015,M0,-0.1792350916791437,0.001581636727125373,0.0,0.014598322314957723,866850,female
2015,M1,-0.24203127077958078,0.0013906774165108155,0.0,0.25209100511995763,866850,female + age + age_sq + C(race_ethnicity) + C(education_level)
2015,M2,-0.24019587803304054,0.0013785966577286276,0.0,0.26540300636322,866850,female + age + age_sq + C(race_ethnicity) + C(education_level) + C(state_fips)
2015,M3,-0.14535143704210357,0.0015291535751268642,0.0,0.4012922628312543,866850,female + age + age_sq + C(race_ethnicity) + C(education_level) + C(state_fips) + C(occupation_code) + C(industry_code) + C(class_of_worker)
2015,M4,-0.15006029370882673,0.0015367886335164837,0.0,0.40460349007788055,866850,female + age + age_sq + C(race_ethnicity) + C(education_level) + C(state_fips) + C(occupation_code) + C(industry_code) + C(class_of_worker) + usual_hours_week + work_from_home + commute_minutes_one_way
2015,M5,-0.15253951094721277,0.0015961521273278976,0.0,0.4089036170180881,866850,female + age + age_sq + C(race_ethnicity) + C(education_level) + C(state_fips) + C(occupation_code) + C(industry_code) + C(class_of_worker) + usual_hours_week + work_from_home + commute_minutes_one_way + C(marital_status) + number_children + children_under_5
2015,M6_reproductive,-0.11750822404426266,0.001834101195620194,0.0,0.4102049877506262,866850,female + age + age_sq + C(race_ethnicity) + C(education_level) + C(state_fips) + C(occupation_code) + C(industry_code) + C(class_of_worker) + usual_hours_week + work_from_home + commute_minutes_one_way + C(marital_status) + number_children + children_under_5 + recent_birth + recent_marriage + has_own_child + own_child_under6 + own_child_6_17_only + C(couple_type) + C(reproductive_stage)
2015,M7_onet_context,-0.1181678626806943,0.0018468712157080336,0.0,0.41117157115393765,856994,female + age + age_sq + C(race_ethnicity) + C(education_level) + C(state_fips) + C(occupation_code) + C(industry_code) + C(class_of_worker) + usual_hours_week + work_from_home + commute_minutes_one_way + C(marital_status) + number_children + children_under_5 + recent_birth + recent_marriage + has_own_child + own_child_under6 + own_child_6_17_only + C(couple_type) + C(reproductive_stage) + autonomy + schedule_unpredictability + time_pressure + coordination_responsibility + physical_proximity + job_rigidity
2015,M8_reproductive_x_job_context,-0.10784595520294214,0.03766535352336162,0.00419307550966459,0.41213595796860525,856994,female + age + age_sq + C(race_ethnicity) + C(education_level) + C(state_fips) + C(occupation_code) + C(industry_code) + C(class_of_worker) + usual_hours_week + work_from_home + commute_minutes_one_way + C(marital_status) + number_children + children_under_5 + recent_birth + recent_marriage + has_own_child + own_child_under6 + own_child_6_17_only + C(couple_type) + C(reproductive_stage) + autonomy + schedule_unpredictability + time_pressure + coordination_responsibility + physical_proximity + job_rigidity + female_x_recent_birth + female_x_own_child_under6 + female_x_recent_marriage + female_x_same_sex_couple_household + female_x_autonomy + female_x_job_rigidity + female_x_own_child_under6_x_job_rigidity
2016,M0,-0.17323983506006804,0.0015844014188321595,0.0,0.013584053775030136,868154,female
2016,M1,-0.2369134301135009,0.0013908491557426317,0.0,0.25363748914453177,868154,female + age + age_sq + C(race_ethnicity) + C(education_level)
2016,M2,-0.2349253329376758,0.001378977876191703,0.0,0.2666956692108715,868154,female + age + age_sq + C(race_ethnicity) + C(education_level) + C(state_fips)
2016,M3,-0.1384825079255767,0.0015231474404870334,0.0,0.40384002496700777,868154,female + age + age_sq + C(race_ethnicity) + C(education_level) + C(state_fips) + C(occupation_code) + C(industry_code) + C(class_of_worker)
2016,M4,-0.14355833022136744,0.0015297648256502715,0.0,0.40730234150432754,868154,female + age + age_sq + C(race_ethnicity) + C(education_level) + C(state_fips) + C(occupation_code) + C(industry_code) + C(class_of_worker) + usual_hours_week + work_from_home + commute_minutes_one_way
2016,M5,-0.1462559846311454,0.0015894350203233176,0.0,0.4119988403799084,868154,female + age + age_sq + C(race_ethnicity) + C(education_level) + C(state_fips) + C(occupation_code) + C(industry_code) + C(class_of_worker) + usual_hours_week + work_from_home + commute_minutes_one_way + C(marital_status) + number_children + children_under_5
2016,M6_reproductive,-0.11027353261579399,0.0018257628832269925,0.0,0.4134290797385153,868154,female + age + age_sq + C(race_ethnicity) + C(education_level) + C(state_fips) + C(occupation_code) + C(industry_code) + C(class_of_worker) + usual_hours_week + work_from_home + commute_minutes_one_way + C(marital_status) + number_children + children_under_5 + recent_birth + recent_marriage + has_own_child + own_child_under6 + own_child_6_17_only + C(couple_type) + C(reproductive_stage)
2016,M7_onet_context,-0.1108742820537155,0.0018383286712882717,0.0,0.41435674643738063,858333,female + age + age_sq + C(race_ethnicity) + C(education_level) + C(state_fips) + C(occupation_code) + C(industry_code) + C(class_of_worker) + usual_hours_week + work_from_home + commute_minutes_one_way + C(marital_status) + number_children + children_under_5 + recent_birth + recent_marriage + has_own_child + own_child_under6 + own_child_6_17_only + C(couple_type) + C(reproductive_stage) + autonomy + schedule_unpredictability + time_pressure + coordination_responsibility + physical_proximity + job_rigidity
2016,M8_reproductive_x_job_context,-0.21671365901912468,0.03745412475562544,7.206029170852736e-09,0.4153640162307902,858333,female + age + age_sq + C(race_ethnicity) + C(education_level) + C(state_fips) + C(occupation_code) + C(industry_code) + C(class_of_worker) + usual_hours_week + work_from_home + commute_minutes_one_way + C(marital_status) + number_children + children_under_5 + recent_birth + recent_marriage + has_own_child + own_child_under6 + own_child_6_17_only + C(couple_type) + C(reproductive_stage) + autonomy + schedule_unpredictability + time_pressure + coordination_responsibility + physical_proximity + job_rigidity + female_x_recent_birth + female_x_own_child_under6 + female_x_recent_marriage + female_x_same_sex_couple_household + female_x_autonomy + female_x_job_rigidity + female_x_own_child_under6_x_job_rigidity
2017,M0,-0.17009282207388843,0.0015703581386779873,0.0,0.01311009494497084,883158,female
2017,M1,-0.2364664697733376,0.0013812317187216153,0.0,0.25088968517436316,883158,female + age + age_sq + C(race_ethnicity) + C(education_level)
2017,M2,-0.23437781395144985,0.0013688087593579981,0.0,0.26468177629733913,883158,female + age + age_sq + C(race_ethnicity) + C(education_level) + C(state_fips)
2017,M3,-0.13830872870450292,0.0015034395422278658,0.0,0.40256557399489457,883158,female + age + age_sq + C(race_ethnicity) + C(education_level) + C(state_fips) + C(occupation_code) + C(industry_code) + C(class_of_worker)
2017,M4,-0.14311496268701357,0.0015111151870489266,0.0,0.4055174673270032,883158,female + age + age_sq + C(race_ethnicity) + C(education_level) + C(state_fips) + C(occupation_code) + C(industry_code) + C(class_of_worker) + usual_hours_week + work_from_home + commute_minutes_one_way
2017,M5,-0.1454566194518787,0.0015691140580031979,0.0,0.41019754004863085,883158,female + age + age_sq + C(race_ethnicity) + C(education_level) + C(state_fips) + C(occupation_code) + C(industry_code) + C(class_of_worker) + usual_hours_week + work_from_home + commute_minutes_one_way + C(marital_status) + number_children + children_under_5
2017,M6_reproductive,-0.11333275176061945,0.001804138453880658,0.0,0.41139186104019654,883158,female + age + age_sq + C(race_ethnicity) + C(education_level) + C(state_fips) + C(occupation_code) + C(industry_code) + C(class_of_worker) + usual_hours_week + work_from_home + commute_minutes_one_way + C(marital_status) + number_children + children_under_5 + recent_birth + recent_marriage + has_own_child + own_child_under6 + own_child_6_17_only + C(couple_type) + C(reproductive_stage)
2017,M7_onet_context,-0.11443594598380301,0.0018156639521624883,0.0,0.41261775317460425,873024,female + age + age_sq + C(race_ethnicity) + C(education_level) + C(state_fips) + C(occupation_code) + C(industry_code) + C(class_of_worker) + usual_hours_week + work_from_home + commute_minutes_one_way + C(marital_status) + number_children + children_under_5 + recent_birth + recent_marriage + has_own_child + own_child_under6 + own_child_6_17_only + C(couple_type) + C(reproductive_stage) + autonomy + schedule_unpredictability + time_pressure + coordination_responsibility + physical_proximity + job_rigidity
2017,M8_reproductive_x_job_context,-0.16997745921417448,0.03717852566858057,4.833283874866458e-06,0.4136819498679538,873024,female + age + age_sq + C(race_ethnicity) + C(education_level) + C(state_fips) + C(occupation_code) + C(industry_code) + C(class_of_worker) + usual_hours_week + work_from_home + commute_minutes_one_way + C(marital_status) + number_children + children_under_5 + recent_birth + recent_marriage + has_own_child + own_child_under6 + own_child_6_17_only + C(couple_type) + C(reproductive_stage) + autonomy + schedule_unpredictability + time_pressure + coordination_responsibility + physical_proximity + job_rigidity + female_x_recent_birth + female_x_own_child_under6 + female_x_recent_marriage + female_x_same_sex_couple_household + female_x_autonomy + female_x_job_rigidity + female_x_own_child_under6_x_job_rigidity
2018,M0,-0.16997296477555227,0.0015665773993765184,0.0,0.013095142501134638,887201,female
2018,M1,-0.23477179628982722,0.0013790002167020582,0.0,0.24926211633225337,887201,female + age + age_sq + C(race_ethnicity) + C(education_level)
2018,M2,-0.23242332730389378,0.0013657035396039436,0.0,0.2640405246321148,887201,female + age + age_sq + C(race_ethnicity) + C(education_level) + C(state_fips)
2018,M3,-0.1387669280705994,0.0014960173818835017,0.0,0.4011387843881954,887201,female + age + age_sq + C(race_ethnicity) + C(education_level) + C(state_fips) + C(occupation_code) + C(industry_code) + C(class_of_worker)
2018,M4,-0.14342166372416462,0.0015027085116655445,0.0,0.40433384703328834,887201,female + age + age_sq + C(race_ethnicity) + C(education_level) + C(state_fips) + C(occupation_code) + C(industry_code) + C(class_of_worker) + usual_hours_week + work_from_home + commute_minutes_one_way
2018,M5,-0.14550189454810047,0.0015607662370028985,0.0,0.40900738693939875,887201,female + age + age_sq + C(race_ethnicity) + C(education_level) + C(state_fips) + C(occupation_code) + C(industry_code) + C(class_of_worker) + usual_hours_week + work_from_home + commute_minutes_one_way + C(marital_status) + number_children + children_under_5
2018,M6_reproductive,-0.11170707825742535,0.0017951370273993862,0.0,0.41027254931089563,887201,female + age + age_sq + C(race_ethnicity) + C(education_level) + C(state_fips) + C(occupation_code) + C(industry_code) + C(class_of_worker) + usual_hours_week + work_from_home + commute_minutes_one_way + C(marital_status) + number_children + children_under_5 + recent_birth + recent_marriage + has_own_child + own_child_under6 + own_child_6_17_only + C(couple_type) + C(reproductive_stage)
2018,M7_onet_context,-0.11166657943107025,0.0017974928937403351,0.0,0.4105786714111229,884031,female + age + age_sq + C(race_ethnicity) + C(education_level) + C(state_fips) + C(occupation_code) + C(industry_code) + C(class_of_worker) + usual_hours_week + work_from_home + commute_minutes_one_way + C(marital_status) + number_children + children_under_5 + recent_birth + recent_marriage + has_own_child + own_child_under6 + own_child_6_17_only + C(couple_type) + C(reproductive_stage) + autonomy + schedule_unpredictability + time_pressure + coordination_responsibility + physical_proximity + job_rigidity
2018,M8_reproductive_x_job_context,-0.1224794319103887,0.03698266061925195,0.0009269921048728264,0.41163333380076184,884031,female + age + age_sq + C(race_ethnicity) + C(education_level) + C(state_fips) + C(occupation_code) + C(industry_code) + C(class_of_worker) + usual_hours_week + work_from_home + commute_minutes_one_way + C(marital_status) + number_children + children_under_5 + recent_birth + recent_marriage + has_own_child + own_child_under6 + own_child_6_17_only + C(couple_type) + C(reproductive_stage) + autonomy + schedule_unpredictability + time_pressure + coordination_responsibility + physical_proximity + job_rigidity + female_x_recent_birth + female_x_own_child_under6 + female_x_recent_marriage + female_x_same_sex_couple_household + female_x_autonomy + female_x_job_rigidity + female_x_own_child_under6_x_job_rigidity
2019,M0,-0.16648581910966972,0.0016185987365673709,0.0,0.011811482931056272,885141,female
2019,M1,-0.231390300104173,0.0014449190633636175,0.0,0.227257572772657,885141,female + age + age_sq + C(race_ethnicity) + C(education_level)
2019,M2,-0.22881859498805518,0.0014312388324120963,0.0,0.2422269938066829,885141,female + age + age_sq + C(race_ethnicity) + C(education_level) + C(state_fips)
2019,M3,-0.13223384721645998,0.0015824056416027402,0.0,0.3695796310119007,885141,female + age + age_sq + C(race_ethnicity) + C(education_level) + C(state_fips) + C(occupation_code) + C(industry_code) + C(class_of_worker)
2019,M4,-0.14499212273894735,0.0015844027736231104,0.0,0.3760442186513244,885141,female + age + age_sq + C(race_ethnicity) + C(education_level) + C(state_fips) + C(occupation_code) + C(industry_code) + C(class_of_worker) + usual_hours_week + work_from_home + commute_minutes_one_way
2019,M5,-0.14783072387176693,0.0016459823047937398,0.0,0.38024788956067057,885141,female + age + age_sq + C(race_ethnicity) + C(education_level) + C(state_fips) + C(occupation_code) + C(industry_code) + C(class_of_worker) + usual_hours_week + work_from_home + commute_minutes_one_way + C(marital_status) + number_children + children_under_5
2019,M6_reproductive,-0.11230657557040377,0.0018905677200961918,0.0,0.38160697173768177,885141,female + age + age_sq + C(race_ethnicity) + C(education_level) + C(state_fips) + C(occupation_code) + C(industry_code) + C(class_of_worker) + usual_hours_week + work_from_home + commute_minutes_one_way + C(marital_status) + number_children + children_under_5 + recent_birth + recent_marriage + has_own_child + own_child_under6 + own_child_6_17_only + C(couple_type) + C(reproductive_stage)
2019,M7_onet_context,-0.11234669161584801,0.0018938138878633749,0.0,0.38186290791724853,881616,female + age + age_sq + C(race_ethnicity) + C(education_level) + C(state_fips) + C(occupation_code) + C(industry_code) + C(class_of_worker) + usual_hours_week + work_from_home + commute_minutes_one_way + C(marital_status) + number_children + children_under_5 + recent_birth + recent_marriage + has_own_child + own_child_under6 + own_child_6_17_only + C(couple_type) + C(reproductive_stage) + autonomy + schedule_unpredictability + time_pressure + coordination_responsibility + physical_proximity + job_rigidity
2019,M8_reproductive_x_job_context,-0.159555373810872,0.03920647797350737,4.709446075558135e-05,0.38285150591573247,881616,female + age + age_sq + C(race_ethnicity) + C(education_level) + C(state_fips) + C(occupation_code) + C(industry_code) + C(class_of_worker) + usual_hours_week + work_from_home + commute_minutes_one_way + C(marital_status) + number_children + children_under_5 + recent_birth + recent_marriage + has_own_child + own_child_under6 + own_child_6_17_only + C(couple_type) + C(reproductive_stage) + autonomy + schedule_unpredictability + time_pressure + coordination_responsibility + physical_proximity + job_rigidity + female_x_recent_birth + female_x_own_child_under6 + female_x_recent_marriage + female_x_same_sex_couple_household + female_x_autonomy + female_x_job_rigidity + female_x_own_child_under6_x_job_rigidity
2021,M0,-0.16565751167519507,0.00172656064226051,0.0,0.010578246782043887,861048,female
2021,M1,-0.22749347297867847,0.0015782553915696014,0.0,0.18913189321134538,861048,female + age + age_sq + C(race_ethnicity) + C(education_level)
2021,M2,-0.22489655765427824,0.0015649453900140372,0.0,0.20323857633634845,861048,female + age + age_sq + C(race_ethnicity) + C(education_level) + C(state_fips)
2021,M3,-0.13565062403081676,0.0017553821815466648,0.0,0.30809096932059454,861048,female + age + age_sq + C(race_ethnicity) + C(education_level) + C(state_fips) + C(occupation_code) + C(industry_code) + C(class_of_worker)
2021,M4,-0.15413275035110127,0.001753020821813545,0.0,0.3178115132745797,861048,female + age + age_sq + C(race_ethnicity) + C(education_level) + C(state_fips) + C(occupation_code) + C(industry_code) + C(class_of_worker) + usual_hours_week + work_from_home + commute_minutes_one_way
2021,M5,-0.15650675714211368,0.0018236490064153948,0.0,0.3206611678918717,861048,female + age + age_sq + C(race_ethnicity) + C(education_level) + C(state_fips) + C(occupation_code) + C(industry_code) + C(class_of_worker) + usual_hours_week + work_from_home + commute_minutes_one_way + C(marital_status) + number_children + children_under_5
2021,M6_reproductive,-0.12441990494399678,0.0021132798354916516,0.0,0.32164811916223435,861048,female + age + age_sq + C(race_ethnicity) + C(education_level) + C(state_fips) + C(occupation_code) + C(industry_code) + C(class_of_worker) + usual_hours_week + work_from_home + commute_minutes_one_way + C(marital_status) + number_children + children_under_5 + recent_birth + recent_marriage + has_own_child + own_child_under6 + own_child_6_17_only + C(couple_type) + C(reproductive_stage)
2021,M7_onet_context,-0.12419458401705763,0.0021179154143812825,0.0,0.3218324270669828,857287,female + age + age_sq + C(race_ethnicity) + C(education_level) + C(state_fips) + C(occupation_code) + C(industry_code) + C(class_of_worker) + usual_hours_week + work_from_home + commute_minutes_one_way + C(marital_status) + number_children + children_under_5 + recent_birth + recent_marriage + has_own_child + own_child_under6 + own_child_6_17_only + C(couple_type) + C(reproductive_stage) + autonomy + schedule_unpredictability + time_pressure + coordination_responsibility + physical_proximity + job_rigidity
2021,M8_reproductive_x_job_context,-0.09256780966254292,0.04569482781065645,0.04278732656052051,0.3227088776118193,857287,female + age + age_sq + C(race_ethnicity) + C(education_level) + C(state_fips) + C(occupation_code) + C(industry_code) + C(class_of_worker) + usual_hours_week + work_from_home + commute_minutes_one_way + C(marital_status) + number_children + children_under_5 + recent_birth + recent_marriage + has_own_child + own_child_under6 + own_child_6_17_only + C(couple_type) + C(reproductive_stage) + autonomy + schedule_unpredictability + time_pressure + coordination_responsibility + physical_proximity + job_rigidity + female_x_recent_birth + female_x_own_child_under6 + female_x_recent_marriage + female_x_same_sex_couple_household + female_x_autonomy + female_x_job_rigidity + female_x_own_child_under6_x_job_rigidity
2022,M0,-0.16543098062848516,0.0016017016683372003,0.0,0.011649019796045268,905093,female
2022,M1,-0.23026025289510732,0.0014406797862888394,0.0,0.21548173382181346,905093,female + age + age_sq + C(race_ethnicity) + C(education_level)
2022,M2,-0.22754332305124592,0.0014272145054356603,0.0,0.23049468108992943,905093,female + age + age_sq + C(race_ethnicity) + C(education_level) + C(state_fips)
2022,M3,-0.13423734207131746,0.0015602527726800359,0.0,0.3601158335692892,905093,female + age + age_sq + C(race_ethnicity) + C(education_level) + C(state_fips) + C(occupation_code) + C(industry_code) + C(class_of_worker)
2022,M4,-0.14913667913224857,0.0015608303137373929,0.0,0.36742102890294503,905093,female + age + age_sq + C(race_ethnicity) + C(education_level) + C(state_fips) + C(occupation_code) + C(industry_code) + C(class_of_worker) + usual_hours_week + work_from_home + commute_minutes_one_way
2022,M5,-0.14910012464130792,0.0016229233633600305,0.0,0.37106481079410203,905093,female + age + age_sq + C(race_ethnicity) + C(education_level) + C(state_fips) + C(occupation_code) + C(industry_code) + C(class_of_worker) + usual_hours_week + work_from_home + commute_minutes_one_way + C(marital_status) + number_children + children_under_5
2022,M6_reproductive,-0.11532454861414435,0.0018781478516994464,0.0,0.3722773104870002,905093,female + age + age_sq + C(race_ethnicity) + C(education_level) + C(state_fips) + C(occupation_code) + C(industry_code) + C(class_of_worker) + usual_hours_week + work_from_home + commute_minutes_one_way + C(marital_status) + number_children + children_under_5 + recent_birth + recent_marriage + has_own_child + own_child_under6 + own_child_6_17_only + C(couple_type) + C(reproductive_stage)
2022,M7_onet_context,-0.11525884132401354,0.001882102217514197,0.0,0.3726451199436476,900891,female + age + age_sq + C(race_ethnicity) + C(education_level) + C(state_fips) + C(occupation_code) + C(industry_code) + C(class_of_worker) + usual_hours_week + work_from_home + commute_minutes_one_way + C(marital_status) + number_children + children_under_5 + recent_birth + recent_marriage + has_own_child + own_child_under6 + own_child_6_17_only + C(couple_type) + C(reproductive_stage) + autonomy + schedule_unpredictability + time_pressure + coordination_responsibility + physical_proximity + job_rigidity
2022,M8_reproductive_x_job_context,-0.11584738450932092,0.04052606879959222,0.004255391572928284,0.37354522029517545,900891,female + age + age_sq + C(race_ethnicity) + C(education_level) + C(state_fips) + C(occupation_code) + C(industry_code) + C(class_of_worker) + usual_hours_week + work_from_home + commute_minutes_one_way + C(marital_status) + number_children + children_under_5 + recent_birth + recent_marriage + has_own_child + own_child_under6 + own_child_6_17_only + C(couple_type) + C(reproductive_stage) + autonomy + schedule_unpredictability + time_pressure + coordination_responsibility + physical_proximity + job_rigidity + female_x_recent_birth + female_x_own_child_under6 + female_x_recent_marriage + female_x_same_sex_couple_household + female_x_autonomy + female_x_job_rigidity + female_x_own_child_under6_x_job_rigidity
2023,M0,-0.16311961439769357,0.0015938825401612784,0.0,0.011256952999558645,919948,female
2023,M1,-0.22945618609210927,0.0014344046754519331,0.0,0.21438614170935366,919948,female + age + age_sq + C(race_ethnicity) + C(education_level)
2023,M2,-0.2269214719295108,0.0014215424063120485,0.0,0.22879543198918317,919948,female + age + age_sq + C(race_ethnicity) + C(education_level) + C(state_fips)
2023,M3,-0.12929957401524403,0.0015434587121255596,0.0,0.3636673095302161,919948,female + age + age_sq + C(race_ethnicity) + C(education_level) + C(state_fips) + C(occupation_code) + C(industry_code) + C(class_of_worker)
2023,M4,-0.14378125801757202,0.001543813648897769,0.0,0.3702798662552991,919948,female + age + age_sq + C(race_ethnicity) + C(education_level) + C(state_fips) + C(occupation_code) + C(industry_code) + C(class_of_worker) + usual_hours_week + work_from_home + commute_minutes_one_way
2023,M5,-0.14366948804339877,0.001603881908303379,0.0,0.37412449658625047,919948,female + age + age_sq + C(race_ethnicity) + C(education_level) + C(state_fips) + C(occupation_code) + C(industry_code) + C(class_of_worker) + usual_hours_week + work_from_home + commute_minutes_one_way + C(marital_status) + number_children + children_under_5
2023,M6_reproductive,-0.10835352273219392,0.0018545430961022947,0.0,0.3754286132008524,919948,female + age + age_sq + C(race_ethnicity) + C(education_level) + C(state_fips) + C(occupation_code) + C(industry_code) + C(class_of_worker) + usual_hours_week + work_from_home + commute_minutes_one_way + C(marital_status) + number_children + children_under_5 + recent_birth + recent_marriage + has_own_child + own_child_under6 + own_child_6_17_only + C(couple_type) + C(reproductive_stage)
2023,M7_onet_context,-0.10814449671390747,0.001858241532645343,0.0,0.37583745033280924,915764,female + age + age_sq + C(race_ethnicity) + C(education_level) + C(state_fips) + C(occupation_code) + C(industry_code) + C(class_of_worker) + usual_hours_week + work_from_home + commute_minutes_one_way + C(marital_status) + number_children + children_under_5 + recent_birth + recent_marriage + has_own_child + own_child_under6 + own_child_6_17_only + C(couple_type) + C(reproductive_stage) + autonomy + schedule_unpredictability + time_pressure + coordination_responsibility + physical_proximity + job_rigidity
2023,M8_reproductive_x_job_context,-0.025226480831340003,0.040024929787734115,0.5285186224073257,0.3766442580329715,915764,female + age + age_sq + C(race_ethnicity) + C(education_level) + C(state_fips) + C(occupation_code) + C(industry_code) + C(class_of_worker) + usual_hours_week + work_from_home + commute_minutes_one_way + C(marital_status) + number_children + children_under_5 + recent_birth + recent_marriage + has_own_child + own_child_under6 + own_child_6_17_only + C(couple_type) + C(reproductive_stage) + autonomy + schedule_unpredictability + time_pressure + coordination_responsibility + physical_proximity + job_rigidity + female_x_recent_birth + female_x_own_child_under6 + female_x_recent_marriage + female_x_same_sex_couple_household + female_x_autonomy + female_x_job_rigidity + female_x_own_child_under6_x_job_rigidity
2024,M0,-0.15523792991540591,0.0015929736715679555,0.0,0.010185511112627665,922891,female
2024,M1,-0.2237310414458139,0.0014321662445028916,0.0,0.21535576559289138,922891,female + age + age_sq + C(race_ethnicity) + C(education_level)
2024,M2,-0.22128443277663437,0.001419235260699161,0.0,0.22985534179334977,922891,female + age + age_sq + C(race_ethnicity) + C(education_level) + C(state_fips)
2024,M3,-0.12507313453935823,0.0015345705965687819,0.0,0.3657413709036893,922891,female + age + age_sq + C(race_ethnicity) + C(education_level) + C(state_fips) + C(occupation_code) + C(industry_code) + C(class_of_worker)
2024,M4,-0.13761206299528353,0.0015356828925882156,0.0,0.37220811756842465,922891,female + age + age_sq + C(race_ethnicity) + C(education_level) + C(state_fips) + C(occupation_code) + C(industry_code) + C(class_of_worker) + usual_hours_week + work_from_home + commute_minutes_one_way
2024,M5,-0.13786146621425066,0.0015933681205062991,0.0,0.3760332912023068,922891,female + age + age_sq + C(race_ethnicity) + C(education_level) + C(state_fips) + C(occupation_code) + C(industry_code) + C(class_of_worker) + usual_hours_week + work_from_home + commute_minutes_one_way + C(marital_status) + number_children + children_under_5
2024,M6_reproductive,-0.10240739862558743,0.0018369933421096287,0.0,0.377424439046257,922891,female + age + age_sq + C(race_ethnicity) + C(education_level) + C(state_fips) + C(occupation_code) + C(industry_code) + C(class_of_worker) + usual_hours_week + work_from_home + commute_minutes_one_way + C(marital_status) + number_children + children_under_5 + recent_birth + recent_marriage + has_own_child + own_child_under6 + own_child_6_17_only + C(couple_type) + C(reproductive_stage)
2024,M7_onet_context,-0.10239817146690194,0.0018397541489830196,0.0,0.3779333114169878,919033,female + age + age_sq + C(race_ethnicity) + C(education_level) + C(state_fips) + C(occupation_code) + C(industry_code) + C(class_of_worker) + usual_hours_week + work_from_home + commute_minutes_one_way + C(marital_status) + number_children + children_under_5 + recent_birth + recent_marriage + has_own_child + own_child_under6 + own_child_6_17_only + C(couple_type) + C(reproductive_stage) + autonomy + schedule_unpredictability + time_pressure + coordination_responsibility + physical_proximity + job_rigidity
2024,M8_reproductive_x_job_context,-0.03343628038625578,0.03963481374665947,0.3988882265679988,0.37872045293346634,919033,female + age + age_sq + C(race_ethnicity) + C(education_level) + C(state_fips) + C(occupation_code) + C(industry_code) + C(class_of_worker) + usual_hours_week + work_from_home + commute_minutes_one_way + C(marital_status) + number_children + children_under_5 + recent_birth + recent_marriage + has_own_child + own_child_under6 + own_child_6_17_only + C(couple_type) + C(reproductive_stage) + autonomy + schedule_unpredictability + time_pressure + coordination_responsibility + physical_proximity + job_rigidity + female_x_recent_birth + female_x_own_child_under6 + female_x_recent_marriage + female_x_same_sex_couple_household + female_x_autonomy + female_x_job_rigidity + female_x_own_child_under6_x_job_rigidity
